avgBillAmount,rentRegularity,utilityRegularity,monthsHistory,label
7781.29,0.025,0.275,15,0
1499.19,0.741,0.545,28,0
1396.23,0.233,0.602,36,1
7903.65,0.545,0.22,18,0
376.04,0.806,0.698,22,1
2819.17,0.763,0.102,25,1
10215.68,0.604,0.807,30,1
11685.45,0.379,0.552,24,0
8543.49,0.046,0.228,19,0
10307.22,0.866,0.38,30,1
4568.54,0.37,0.21,18,0
8297.51,0.071,0.635,35,0
2211.81,0.379,0.99,36,1
4094.11,0.768,0.056,3,0
4993.63,0.066,0.913,21,1
6141.01,0.885,0.643,10,1
3185.54,0.561,0.263,28,1
4972.99,0.219,0.998,33,1
9142.65,0.861,0.153,11,0
5239.27,0.064,0.382,30,0
11661.62,0.861,0.011,8,0
6582.55,0.267,0.641,8,0
2150.45,0.003,0.722,17,0
9214.96,0.508,0.106,20,0
6239.66,0.199,0.374,11,0
9409.93,0.53,0.001,21,0
1608.85,0.363,0.985,20,1
3118.2,0.567,0.079,32,0
11742.42,0.533,0.126,31,0
2231.99,0.528,0.607,14,1
9136.6,0.69,0.713,26,1
7903.57,0.438,0.518,8,0
1049.1,0.021,0.554,15,1
8581.74,0.059,0.067,3,0
1129.03,0.238,0.669,14,0
8763.23,0.882,0.576,16,1
9747.71,0.19,0.097,28,0
5109.9,0.864,0.054,7,1
8820.1,0.801,0.109,13,0
5548.78,0.422,0.279,16,0
1182.0,0.808,0.856,7,0
11991.6,0.836,0.969,16,1
5982.0,0.214,0.401,4,0
325.22,0.39,0.927,30,1
8450.12,0.731,0.783,32,1
3771.48,0.969,0.579,35,0
3969.18,0.05,0.477,34,0
11541.11,0.08,0.186,5,0
3051.89,0.12,0.89,16,0
764.98,0.082,0.657,34,0
3350.96,0.67,0.314,17,1
8158.78,0.3,0.316,5,1
7567.56,0.563,0.1,35,0
3402.84,0.933,0.881,16,1
2145.64,0.834,0.704,34,0
9860.12,0.299,0.663,9,0
10709.64,0.742,0.155,19,0
8696.06,0.204,0.634,17,0
3238.12,0.908,0.051,28,1
815.82,0.334,0.131,17,0
5469.48,0.706,0.561,8,0
10632.34,0.904,0.546,24,1
2032.7,0.127,0.308,3,0
2757.9,0.25,0.103,36,0
5054.62,0.621,0.155,16,0
11721.61,0.811,0.881,2,1
11116.5,0.782,0.412,16,1
9512.28,0.108,0.872,31,0
9854.06,0.46,0.305,15,0
8022.39,0.398,0.279,5,0
3565.76,0.641,0.4,35,1
622.93,0.877,0.261,17,0
7279.88,0.346,0.786,28,1
6283.65,0.385,0.577,17,0
5401.87,0.52,0.807,13,1
1118.69,0.664,0.33,21,1
1758.12,0.9,0.507,27,1
8457.34,0.554,0.192,25,0
10862.82,0.616,0.301,36,1
3855.34,0.21,0.786,21,1
5473.27,0.214,0.473,11,0
3620.3,0.664,0.619,6,1
9088.32,0.673,0.225,13,0
840.7,0.984,0.611,5,1
10667.8,0.576,0.718,25,1
3154.62,0.656,0.006,7,0
2860.44,0.804,0.696,30,0
3215.62,0.848,0.456,30,1
11858.34,0.595,0.95,29,1
8715.51,0.505,0.831,36,1
2162.15,0.861,0.45,16,1
3544.54,0.778,0.485,16,1
1206.56,0.286,0.272,21,0
1242.76,0.151,0.383,10,0
1051.48,0.408,0.543,27,0
10044.83,0.389,0.77,2,0
9257.46,0.38,0.006,23,0
4862.84,0.892,0.836,35,1
6689.75,0.603,0.221,15,0
5982.01,0.389,0.669,26,1
10133.92,0.92,0.981,35,0
4910.04,0.564,0.027,28,0
5701.87,0.05,0.379,14,0
4248.76,0.88,0.278,27,1
1258.3,0.019,0.539,23,0
1102.83,0.957,0.04,2,0
2632.52,0.02,0.152,9,0
1638.36,0.948,0.465,17,1
2263.13,0.607,0.748,8,1
2216.06,0.311,0.579,20,1
10923.91,0.375,0.941,13,0
8380.19,0.627,0.102,20,0
7324.82,0.121,0.984,3,0
5312.02,0.371,0.506,22,0
5214.69,0.49,0.434,24,1
9995.88,0.707,0.435,34,1
3459.96,0.808,0.538,31,1
9961.09,0.592,0.322,16,0
1313.96,0.882,0.244,30,1
8117.81,0.336,0.494,21,0
2781.8,0.798,0.34,18,1
6344.54,0.191,0.241,27,0
9170.53,0.691,0.646,32,1
501.75,0.294,0.404,16,0
7104.2,0.473,0.531,28,1
6739.55,0.352,0.454,20,0
1711.67,0.193,0.12,35,0
8374.91,0.192,0.739,18,0
11726.3,0.525,0.283,7,0
3766.08,0.361,0.302,35,0
832.53,0.055,0.292,9,0
9107.67,0.103,0.012,19,0
5453.48,0.184,0.051,31,0
1064.52,0.492,0.577,4,0
9790.36,0.949,0.085,16,1
9243.99,0.606,0.791,15,1
4750.42,0.909,0.297,28,1
7566.02,0.61,0.74,14,1
3396.36,0.081,0.24,36,1
331.31,0.451,0.594,19,0
3670.83,0.283,0.86,5,0
11109.76,0.788,0.625,13,1
6671.38,0.648,0.908,10,0
2241.3,0.308,0.749,19,1
5783.77,0.304,0.403,18,0
6077.4,0.08,0.04,28,0
7363.45,0.026,0.229,2,0
8165.69,0.27,0.04,12,0
7922.66,0.916,0.181,28,1
6053.19,0.091,0.348,22,0
1523.82,0.161,0.412,32,0
11358.76,0.814,0.55,30,1
3253.07,0.116,0.773,33,1
313.47,0.869,0.462,4,1
4532.82,0.756,0.625,4,1
6725.87,0.928,0.438,32,1
11685.82,0.609,0.239,11,0
459.99,0.408,0.225,8,0
1674.35,0.832,0.498,19,1
3499.07,0.835,0.98,16,1
1992.31,0.191,0.599,9,0
3532.09,0.79,0.415,33,1
330.01,0.726,0.837,32,1
5524.6,0.484,0.332,35,1
11214.37,0.87,0.981,16,1
3032.68,0.776,0.044,31,1
9793.48,0.386,0.664,10,0
733.13,0.502,0.59,7,0
5451.58,0.526,0.457,10,0
7960.94,0.154,0.469,17,0
8404.64,0.65,0.852,35,1
4004.94,0.719,0.759,35,0
1100.52,0.631,0.921,15,1
5377.47,0.098,0.634,7,0
8419.81,0.903,0.046,4,0
4685.64,0.146,0.531,12,0
1223.93,0.871,0.62,16,1
7122.94,0.232,0.638,30,1
409.95,0.805,0.901,35,1
5468.24,0.346,0.588,28,1
5644.98,0.302,0.999,31,1
4761.96,0.359,0.296,19,1
10011.44,0.396,0.008,4,0
9018.51,0.833,0.903,15,1
4422.16,0.637,0.621,9,1
10869.82,0.646,0.309,29,0
4568.88,0.131,0.91,21,1
2354.99,0.132,0.539,24,0
10987.8,0.83,0.257,31,1
3753.15,0.87,0.804,30,1
1946.86,0.967,0.86,26,1
9713.68,0.366,0.791,1,0
1745.99,0.369,0.749,17,1
9922.28,0.94,0.108,15,1
7548.7,0.943,0.328,15,1
7734.23,0.464,0.701,27,1
830.56,0.037,0.996,8,0
10680.93,0.136,0.454,35,0
8984.55,0.155,0.415,7,0
7503.13,0.939,0.28,24,1
5502.94,0.236,0.363,24,0
11740.76,0.359,0.398,13,0
11403.43,0.824,0.092,14,0
7286.61,0.021,0.787,16,0
9507.64,0.205,0.83,36,1
2826.63,0.87,0.329,10,1
7272.99,0.277,0.984,9,1
9642.61,0.11,0.866,9,1
9542.82,0.238,0.324,12,0
1783.07,0.421,0.114,5,0
9402.8,0.513,0.109,33,0
7496.75,0.727,0.909,34,1
7827.09,0.031,0.999,26,1
1563.15,0.712,0.444,6,1
2035.51,0.126,0.624,36,0
4756.58,0.597,0.295,33,1
1460.39,0.702,0.853,36,1
2815.77,0.452,0.228,22,0
4965.14,0.73,0.313,21,1
4679.32,0.153,0.923,5,0
1298.76,0.432,0.745,24,1
6809.54,0.586,0.562,22,1
5106.46,0.874,0.941,28,1
8736.41,0.968,0.6,23,1
6236.73,0.155,0.482,7,0
6808.31,0.115,0.279,15,0
10188.32,0.975,0.818,36,0
11170.29,0.829,0.267,12,0
9220.19,0.922,0.351,12,1
6925.96,0.401,0.142,2,0
6506.65,0.376,0.454,11,0
8742.67,0.777,0.568,6,1
2120.28,0.754,0.05,6,0
8044.68,0.486,0.442,18,0
6294.45,0.345,0.111,32,0
3908.51,0.221,0.984,4,1
3826.61,0.211,0.137,17,0
1703.82,0.497,0.431,9,0
8532.95,0.5,0.833,23,0
10382.64,0.042,0.019,5,0
7036.38,0.573,0.709,27,1
5038.88,0.966,0.172,30,1
11061.31,0.088,0.844,16,0
4985.26,0.079,0.871,22,1
9415.68,0.076,0.633,34,0
10899.3,0.349,0.727,10,0
2013.4,0.197,0.602,5,0
9342.32,0.494,0.754,29,1
10619.96,0.643,0.987,21,1
7638.44,0.151,0.068,29,0
9617.06,0.591,0.352,5,0
5587.39,0.057,0.832,5,0
11735.21,0.09,0.594,25,0
6785.5,0.792,0.896,29,1
6988.38,0.188,0.605,33,0
1023.92,0.104,0.899,22,1
1286.65,0.646,0.039,29,1
6431.6,0.61,0.364,19,1
9361.24,0.679,0.052,22,1
1405.72,0.678,0.284,10,0
7118.05,0.141,0.35,26,0
8593.36,0.085,0.559,22,0
8140.36,0.829,0.739,34,1
8144.34,0.508,0.018,20,0
2806.05,0.948,0.486,15,1
2112.86,0.296,0.788,33,1
10070.9,0.884,0.038,22,1
7530.97,0.597,0.154,12,0
9321.84,0.809,0.166,29,0
4562.3,0.72,0.97,19,1
9470.46,0.234,0.239,31,0
2569.99,0.678,0.57,29,1
3596.73,0.382,0.527,11,0
9674.73,0.138,0.25,31,0
6788.13,0.103,0.846,8,0
9228.47,0.273,0.905,10,0
1373.05,0.911,0.817,23,1
5154.29,0.396,0.374,25,1
4686.48,0.028,0.931,22,1
1909.92,0.287,0.83,9,0
5788.59,0.615,0.906,2,1
10069.07,0.549,0.727,34,1
9381.22,0.238,0.122,16,0
9588.62,0.457,0.111,32,0
492.29,0.515,0.242,10,0
318.3,0.353,0.571,12,0
1301.68,0.975,0.068,34,1
9501.02,0.508,0.02,31,1
4826.51,0.373,0.747,23,1
4334.19,0.733,0.628,22,1
4421.9,0.339,0.643,30,1
5898.81,0.182,0.135,30,1
2658.61,0.791,0.886,21,1
6329.99,0.989,0.543,17,0
7868.74,0.286,0.862,4,0
4183.52,0.124,0.368,26,0
10767.26,0.387,0.974,32,1
4597.96,0.797,0.267,6,1
1223.45,0.602,0.822,35,1
1500.4,0.328,0.296,29,0
5285.56,0.69,0.352,3,0
10965.8,0.615,0.435,4,1
7758.9,0.363,0.801,11,1
1970.52,0.608,0.781,3,1
3061.15,0.645,0.362,3,0
8245.03,0.949,0.372,5,1
6494.68,0.398,0.65,16,1
603.19,0.186,0.518,36,0
9367.08,0.704,0.215,19,0
11983.96,0.2,0.136,5,0
10814.54,0.445,0.088,21,0
8601.62,0.55,0.29,20,0
8628.17,0.927,0.638,24,1
1719.94,0.201,0.139,32,1
6782.05,0.369,0.804,36,1
10645.68,0.066,0.398,31,0
9299.23,0.823,0.074,21,1
5564.7,0.68,0.345,36,1
2428.97,0.966,0.433,4,1
6361.79,0.304,0.162,15,0
11308.58,0.895,0.846,17,1
11489.31,0.274,0.625,35,0
7799.55,0.592,0.581,11,1
8731.4,0.605,0.843,3,1
631.97,0.045,0.641,17,0
9273.42,0.417,0.639,32,1
6683.26,0.642,0.302,16,1
8314.39,0.297,0.073,4,0
5162.77,0.464,0.34,10,0
8704.85,0.734,0.861,26,1
4635.32,0.562,0.319,30,1
5560.27,0.141,0.051,25,0
5192.18,0.963,0.902,21,1
8737.2,0.19,0.159,33,0
10585.19,0.497,0.09,26,0
11610.23,0.215,0.353,4,0
7290.97,0.843,0.673,19,1
10211.92,0.431,0.882,24,1
4581.47,0.401,0.57,13,0
3676.64,0.386,0.45,36,1
11872.36,0.68,0.119,7,0
9600.3,0.339,0.939,10,1
6256.73,0.5,0.045,9,0
9706.4,0.519,0.149,33,0
11197.01,0.319,0.393,20,0
6235.59,0.51,0.49,20,1
494.65,0.331,0.11,27,0
9622.03,0.725,0.688,2,1
3406.71,0.656,0.972,15,1
7127.22,0.171,0.629,25,0
8264.5,0.032,0.948,8,0
5460.15,0.419,0.413,14,0
9367.18,0.921,0.873,4,1
6368.59,0.561,0.998,31,1
3970.91,0.173,0.912,22,1
8207.66,0.868,0.681,17,1
2549.49,0.247,0.558,15,0
11792.45,0.771,0.705,32,1
4381.0,0.934,0.795,18,1
7009.68,0.543,0.896,26,1
11468.92,0.805,0.29,19,1
1224.64,0.924,0.656,31,1
9987.03,0.271,0.562,18,0
7503.42,0.587,0.242,34,1
3024.19,0.1,0.33,31,0
9317.96,0.005,0.55,11,0
11239.88,0.878,0.477,13,1
3660.77,0.285,0.059,6,0
3016.98,0.739,0.85,3,1
2348.26,0.882,0.176,3,0
4944.84,0.495,0.937,19,1
408.43,0.568,0.107,22,0
11872.46,0.543,0.494,9,0
5775.84,0.193,0.113,11,0
7884.94,0.719,0.014,22,0
6943.04,0.757,0.175,26,1
6328.78,0.087,0.669,12,0
5886.21,0.936,0.007,25,1
9118.95,0.954,0.302,1,0
4506.76,0.236,0.668,30,1
5043.37,0.503,0.895,20,1
7772.92,0.941,0.368,15,1
1862.75,0.153,0.748,24,1
6726.04,0.471,0.538,14,1
8260.0,0.596,0.787,34,1
8534.06,0.078,0.564,4,0
10863.79,0.202,0.537,11,0
6388.0,0.116,0.205,32,0
6271.39,0.809,0.453,33,1
6897.76,0.559,0.673,20,1
4932.6,0.816,0.746,5,0
4330.99,0.064,0.994,5,0
5823.23,0.287,0.18,9,0
11746.5,0.646,0.42,25,1
11030.25,0.377,0.08,35,0
10365.35,0.119,0.993,26,1
8815.94,0.223,0.003,2,0
5717.15,0.719,0.424,25,1
3195.89,0.346,0.276,8,1
8024.31,0.615,0.936,2,1
1087.3,0.594,0.446,4,0
817.57,0.439,0.54,4,0
11923.76,0.234,0.916,21,1
9338.7,0.818,0.237,10,0
6398.64,0.414,0.275,36,0
10592.65,0.912,0.626,28,1
848.54,0.344,0.643,25,1
4029.19,0.416,0.149,25,0
6593.76,0.241,0.225,10,0
11002.47,0.562,0.968,36,1
4844.5,0.255,0.33,6,0
10211.46,0.092,0.725,13,1
4712.87,0.605,0.04,5,0
9211.85,0.724,0.559,31,1
10912.28,0.303,0.909,14,0
11556.31,0.117,1.0,31,1
8438.83,0.704,0.397,16,1
9373.51,0.381,0.534,23,0
4507.84,0.883,0.466,31,1
4046.73,0.203,0.313,3,0
2888.91,0.146,0.261,27,0
2595.44,0.23,0.57,16,0
7958.91,0.685,0.257,32,1
7807.83,0.491,0.168,23,0
8727.67,0.488,0.917,35,1
11499.67,0.524,0.839,5,0
8118.12,0.764,0.412,15,0
2067.05,0.219,0.456,4,0
8101.03,0.617,0.483,32,0
6526.89,0.411,0.017,18,0
3654.26,0.502,0.698,28,1
10944.35,0.107,0.096,10,0
7551.44,0.252,0.354,26,1
11523.78,0.459,0.243,15,0
9988.33,0.081,0.992,3,0
4737.39,0.553,0.056,1,0
1267.43,0.845,0.645,22,1
10338.14,0.095,0.528,3,0
10844.89,0.692,0.567,18,0
1169.87,0.926,0.899,3,1
10250.0,0.016,0.207,10,0
8638.72,0.398,0.077,11,0
6930.34,0.849,0.677,35,1
9140.63,0.14,0.988,6,0
11699.58,0.054,0.437,5,0
9297.37,0.955,0.397,21,0
3497.93,0.993,0.491,23,1
4692.5,0.186,0.586,25,0
7537.81,0.798,0.713,6,1
4746.0,0.784,0.154,25,1
1546.65,0.005,0.308,24,0
1496.11,0.087,0.431,36,0
5074.12,0.026,0.354,6,0
9477.93,0.864,0.012,27,1
1290.98,0.901,0.905,16,1
2284.12,0.381,0.139,20,0
2007.44,0.167,0.276,20,0
1199.98,0.252,0.247,32,0
2587.91,0.107,0.305,26,0
7556.25,0.804,0.33,22,1
9935.36,0.651,0.594,20,1
11383.16,0.201,0.314,26,0
3709.94,0.695,0.491,16,1
3579.51,0.786,0.365,13,1
6683.86,0.682,0.55,30,1
2752.89,0.798,0.831,5,1
9609.18,0.409,0.499,20,0
8006.36,0.715,0.789,5,1
7295.83,0.582,0.534,27,1
9551.43,0.36,0.896,35,1
10998.49,0.109,0.248,23,0
7468.33,0.563,0.645,26,1
4179.68,0.796,0.106,7,0
6274.91,0.519,0.581,15,1
4876.27,0.772,0.589,33,1
11973.12,0.483,0.295,6,0
11305.91,0.142,0.312,30,0
6397.04,0.348,0.098,29,0
3813.09,0.81,0.115,22,1
8222.53,0.164,0.984,16,1
6757.35,0.331,0.426,30,0
5039.06,0.184,0.64,28,1
8927.44,0.883,0.45,28,1
8545.41,0.206,0.752,5,0
9654.18,0.537,0.366,13,0
3369.53,0.863,0.528,21,1
7452.31,0.587,0.348,30,1
9820.74,0.706,0.297,6,0
3964.27,0.239,0.117,24,0
6276.65,0.418,0.138,25,0
5994.04,0.537,0.919,12,1
6028.81,0.14,0.315,29,0
10426.61,0.952,0.485,13,1
11576.8,0.505,0.495,32,1
10126.73,0.489,0.083,2,0
2880.2,0.033,0.225,19,0
5650.66,0.743,0.766,36,1
7000.75,0.268,0.543,24,0
9154.4,0.76,0.441,14,1
1498.27,0.83,0.751,20,1
677.1,0.263,0.862,6,0
11929.3,0.776,0.237,23,1
7440.06,0.428,0.616,14,1
9723.65,0.57,0.532,35,1
11754.3,0.293,0.573,33,0
8247.8,0.095,0.963,27,1
11912.09,0.867,0.127,9,0
8623.32,0.828,0.761,26,1
7055.88,0.269,0.414,29,1
9596.8,0.769,0.403,18,1
10564.61,0.455,0.488,1,0
10211.86,0.093,0.972,23,1
9609.43,0.398,0.968,14,1
4077.52,0.284,0.547,9,0
5978.45,0.344,0.683,4,1
7626.3,0.837,0.016,11,0
307.91,0.958,0.202,9,1
3831.83,0.874,0.877,6,1
3229.55,0.372,0.904,11,0
7619.57,0.726,0.755,28,1
8533.27,0.001,0.477,9,0
6377.5,0.445,0.008,22,0
11861.41,0.422,0.132,5,0
1345.17,0.806,0.103,24,1
1904.41,0.773,0.753,9,1
8222.5,0.068,0.563,11,0
8752.45,0.628,0.151,27,0
5475.89,0.217,0.897,9,0
7198.01,0.384,0.963,21,1
3199.1,0.645,0.248,19,1
8378.57,0.848,0.658,20,1
7401.04,0.189,0.392,4,0
9587.2,0.239,0.386,16,0
7248.98,0.528,0.978,24,1
1844.2,0.861,0.568,24,1
2321.41,0.471,0.987,5,0
1090.13,0.262,0.04,4,0
4956.31,0.286,0.713,27,1
5006.65,0.641,0.538,10,1
3925.91,0.511,0.203,10,0
4871.56,0.634,0.835,5,1
5418.59,0.953,0.239,16,1
5383.46,0.453,0.609,20,1
7999.21,0.176,0.013,9,0
2216.84,0.953,0.523,17,1
1785.09,0.781,0.269,8,1
643.47,0.807,0.272,5,0
11708.09,0.628,0.496,33,1
6145.44,0.567,0.368,17,1
10762.94,0.674,0.115,33,1
10346.66,0.012,0.046,24,0
2055.99,0.931,0.857,36,1
8654.04,0.656,0.225,16,0
8727.37,0.271,0.078,24,0
8177.91,0.053,0.223,34,0
11462.73,0.069,0.465,19,0
3935.16,0.086,0.457,24,0
6896.54,0.304,0.623,30,1
11670.74,0.998,0.776,35,1
3167.98,0.006,0.41,15,0
7740.52,0.693,0.01,22,1
7990.46,0.849,0.727,7,1
11802.45,0.42,0.961,10,1
1388.41,0.921,0.897,34,1
10778.26,0.458,0.748,7,0
7755.42,0.394,0.592,4,0
11581.35,0.237,0.261,21,0
4897.55,0.832,0.326,29,1
1173.84,0.203,0.78,7,0
2223.19,0.466,0.407,35,1
9312.94,0.452,0.463,8,0
9748.88,0.304,0.705,3,0
10321.91,0.148,0.711,23,0
872.72,0.299,0.82,12,0
5031.39,0.452,0.748,16,1
1492.32,0.794,0.121,4,0
11796.04,0.131,0.824,24,0
11269.63,0.084,0.586,5,1
1054.32,0.902,0.443,9,1
10213.12,0.809,0.123,30,0
11112.34,0.433,0.724,32,0
8293.59,0.173,0.215,12,0
5518.33,0.149,0.614,16,0
6137.03,0.883,0.479,6,1
1905.66,0.199,0.885,34,1
11930.82,0.544,0.02,25,0
4501.61,0.545,0.485,33,1
3464.1,0.026,0.597,2,0
9408.9,0.059,0.992,34,1
7132.67,0.233,0.16,16,0
3418.37,0.816,0.917,4,1
11389.29,0.576,0.983,25,1
10118.9,0.845,0.176,21,1
8462.23,0.914,0.028,23,1
6894.2,0.563,0.188,32,1
2354.01,0.038,0.056,15,1
5892.47,0.332,0.614,9,0
2376.28,0.802,0.868,4,0
7163.33,0.917,0.774,34,1
11538.54,0.374,0.942,26,1
4237.76,0.323,0.976,28,1
11539.75,0.649,0.174,36,0
11167.49,0.787,0.223,12,0
8887.74,0.295,0.178,1,0
11399.77,0.392,0.994,3,0
4023.14,0.809,0.611,7,1
1945.53,0.745,0.238,21,1
10658.25,0.089,0.709,22,0
3402.99,0.25,0.068,17,0
8728.84,0.048,0.438,27,0
10649.26,0.493,0.379,35,0
9997.04,0.789,0.578,15,1
1162.4,0.846,0.295,21,1
1525.28,0.342,0.888,11,1
6700.44,0.898,0.093,31,1
5346.48,0.654,0.607,28,1
1484.72,0.206,0.19,36,0
8840.7,0.265,0.282,16,0
4896.96,0.55,0.491,4,0
5302.99,0.295,0.662,31,1
601.11,0.171,0.292,6,0
1651.45,0.785,0.471,17,1
6666.27,0.185,0.885,24,1
822.02,0.44,0.263,18,0
2068.23,0.696,0.097,23,1
5143.64,0.756,0.228,4,0
9875.34,0.419,0.536,31,1
3057.01,0.299,0.395,3,0
10835.32,0.8,0.678,10,1
9159.11,0.173,0.984,14,0
1776.38,0.423,0.988,28,1
9924.0,0.148,0.595,21,0
10995.84,0.067,0.388,26,0
10322.5,0.52,0.917,1,0
7589.78,0.523,0.42,27,1
6929.15,0.583,0.965,7,1
6883.4,0.101,0.286,35,0
10571.35,0.264,0.655,31,1
3522.35,0.144,0.609,26,1
10708.02,0.331,0.238,31,0
10795.27,0.02,0.817,20,0
10161.3,0.858,0.685,15,1
11698.37,0.443,0.826,18,1
7378.26,0.089,0.442,27,0
9186.07,0.867,0.821,33,1
1067.72,0.71,0.403,34,1
638.69,0.193,0.833,4,0
5640.45,0.918,0.705,18,1
5731.36,0.397,0.923,2,1
6018.8,0.446,0.961,31,1
4392.19,0.164,0.894,6,0
4822.82,0.163,0.572,14,0
7874.34,0.678,0.269,27,1
10416.17,0.967,0.682,31,1
7874.25,0.601,0.008,17,0
11333.16,0.713,0.709,18,1
4704.76,0.349,0.252,30,0
6391.46,0.624,0.584,1,0
8049.56,0.843,0.374,19,1
1564.82,0.064,0.988,21,1
3355.42,0.711,0.892,20,1
6352.33,0.24,0.057,26,0
8264.84,0.721,0.655,19,1
5197.22,0.388,0.035,13,0
8646.42,0.686,0.638,31,1
8160.86,0.507,0.845,36,1
1441.96,0.128,0.259,36,0
2441.9,0.68,0.336,6,0
2912.94,0.871,0.42,22,1
7151.18,0.464,0.118,4,0
7127.82,0.944,0.071,13,1
10449.72,0.382,0.298,4,0
2064.11,0.992,0.343,30,1
10390.01,0.18,0.081,22,0
2368.84,0.634,0.005,18,0
9350.44,0.576,0.158,6,0
5374.42,0.429,0.429,31,1
741.39,0.199,0.373,1,0
9155.12,0.531,0.018,1,0
3211.23,0.694,0.344,9,1
6189.04,0.306,0.065,3,0
3702.69,0.728,0.596,22,1
8335.33,0.134,0.996,32,1
2504.58,0.948,0.918,26,0
2924.56,0.985,0.211,2,1
2277.12,0.367,0.651,3,0
7791.76,0.771,0.623,4,1
7946.74,0.02,0.69,27,0
1746.06,0.253,0.702,14,0
7674.64,0.301,0.662,34,1
7385.92,0.137,0.831,7,0
7527.07,0.283,0.785,32,1
2637.07,0.263,0.523,13,0
5094.15,0.16,0.548,14,0
5923.77,0.235,0.013,6,0
10072.22,0.669,0.149,6,0
1178.06,0.724,0.905,15,1
11734.3,0.264,0.05,12,0
10271.31,0.36,0.677,28,1
1411.48,0.758,0.046,9,0
2294.99,0.358,0.438,18,0
1387.53,0.815,0.183,26,1
5641.5,0.836,0.69,31,1
7891.5,0.797,0.113,4,0
10178.89,0.104,0.911,31,0
8237.2,0.181,0.38,23,0
10392.14,0.88,0.727,9,1
6011.04,0.888,0.441,5,1
3976.58,0.705,0.678,15,1
8137.18,0.338,0.523,7,0
8801.83,0.482,0.664,25,1
9969.32,0.892,0.613,1,1
2136.05,0.849,0.852,11,0
6052.28,0.241,0.97,4,0
6740.8,0.379,0.817,6,0
9674.76,0.448,0.857,29,1
11773.85,0.745,0.018,26,0
6818.43,0.0,0.091,20,0
6879.29,0.655,0.456,22,1
935.02,0.223,0.454,36,0
7319.43,0.717,0.363,29,1
9184.04,0.222,0.341,19,0
4674.52,0.106,0.897,32,1
8687.22,0.722,0.107,13,0
11183.53,0.393,0.457,13,0
1560.86,0.414,0.927,8,1
5570.9,0.658,0.956,9,1
350.75,0.736,0.553,28,1
5950.3,0.508,0.921,12,1
2331.71,0.815,0.104,21,1
4800.55,0.98,0.916,16,1
11574.04,0.97,0.453,9,1
7349.54,0.886,0.512,36,1
8628.93,0.936,0.633,13,1
8658.3,0.687,0.921,9,1
7906.01,0.958,0.504,21,1
9201.07,0.562,0.583,27,1
10758.23,0.534,0.877,28,1
6415.94,0.025,0.145,4,0
9077.16,0.161,0.287,17,0
1025.78,0.784,0.204,35,0
9824.11,0.102,0.868,36,0
8986.23,0.561,0.238,19,0
849.66,0.382,0.417,21,0
929.49,0.744,0.203,29,1
10964.39,0.705,0.648,35,1
2598.69,0.725,0.193,29,1
8287.11,0.187,0.174,33,0
775.42,0.279,0.264,11,0
3283.69,0.331,0.71,10,1
11164.95,0.597,0.774,20,1
7000.32,0.358,0.784,21,1
11496.76,0.521,0.786,11,1
6583.32,0.092,0.221,14,0
4173.48,0.294,0.95,34,1
6867.62,0.752,0.649,8,1
5514.31,0.904,0.614,16,1
8285.85,0.321,0.916,8,0
6620.78,0.283,0.911,24,1
6252.21,0.487,0.296,13,0
1263.44,0.096,0.972,35,1
7635.12,0.211,0.63,14,0
5263.25,0.104,0.538,28,0
11295.09,0.747,0.154,30,1
743.27,0.073,0.178,17,0
7027.06,0.228,0.259,25,0
5032.04,0.316,0.39,8,0
7804.65,0.618,0.756,3,1
1149.3,0.928,0.106,20,1
3593.75,0.927,0.381,2,1
6541.57,0.136,0.391,35,0
7718.33,0.298,0.887,24,1
430.46,0.875,0.141,3,1
7280.86,0.537,0.947,20,1
8974.74,0.726,0.212,33,1
2452.71,0.617,0.253,8,0
9656.02,0.852,0.851,36,1
6731.08,0.291,0.067,7,0
7092.97,0.952,0.357,16,1
7548.33,0.9,0.318,29,1
8015.24,0.693,0.152,24,1
11516.31,0.169,0.313,15,0
7797.81,0.277,0.359,22,0
5715.33,0.359,0.305,36,0
7852.95,0.082,0.281,9,0
2598.25,0.734,0.627,5,1
10240.17,0.632,0.813,26,1
2789.3,0.037,0.261,35,0
9369.81,0.366,0.223,19,0
6163.14,0.091,0.364,1,0
10221.39,0.807,0.614,11,1
1942.34,0.159,0.566,10,0
5956.99,0.359,0.219,32,0
3392.98,0.234,0.669,34,1
4526.64,0.47,0.455,3,1
7887.74,0.103,0.968,18,1
3380.8,0.544,0.174,25,1
7944.04,0.835,0.517,25,1
2907.92,0.406,0.817,23,1
5940.69,0.604,0.502,9,1
2990.89,0.515,0.281,10,0
4538.01,0.717,0.118,15,0
4163.63,0.113,0.675,31,0
2186.58,0.833,0.022,3,0
7230.47,0.135,0.513,10,1
3321.64,0.18,0.958,2,0
8817.3,0.821,0.947,14,1
11915.48,0.867,0.171,27,1
9597.01,0.82,0.182,33,1
8772.99,0.343,0.453,5,0
4809.9,0.109,0.202,33,0
9970.22,0.606,0.177,3,0
6517.73,0.752,0.093,9,0
6609.65,0.001,0.938,28,1
4633.42,0.043,0.53,15,0
5940.84,0.769,0.351,7,1
3277.86,0.766,0.91,6,1
10558.17,0.409,0.189,1,0
1678.59,0.007,0.655,21,0
1547.02,0.426,0.585,17,1
5255.67,0.366,0.276,26,0
5134.77,0.784,0.482,24,1
5959.99,0.989,0.578,26,1
10303.49,0.659,0.748,29,1
11406.17,0.1,0.508,22,0
7484.1,0.685,0.052,25,1
361.9,0.091,0.145,28,0
3378.18,0.371,0.609,25,1
4987.54,0.656,0.286,4,0
9896.68,0.64,0.439,13,0
11189.87,0.518,0.195,33,0
3010.55,0.169,0.036,16,0
11715.06,0.087,0.276,26,0
4923.17,0.586,0.518,5,0
6730.23,0.726,0.559,23,1
9841.52,0.226,0.963,30,1
7026.41,0.261,0.407,7,0
6187.08,0.34,0.117,33,0
10550.52,0.813,0.575,29,1
6889.07,0.77,0.757,30,1
10789.33,0.862,0.482,17,0
7713.84,0.994,0.677,15,1
5125.38,0.353,0.536,17,0
1388.21,0.674,0.821,5,1
2388.28,0.314,0.219,18,0
9030.03,0.93,0.19,13,1
3132.06,0.265,0.229,16,0
4465.52,0.779,0.12,6,0
8062.06,0.614,0.764,35,1
10221.72,0.371,0.315,18,0
11817.42,0.916,0.28,15,1
1800.48,0.526,0.423,35,0
4363.28,0.86,0.776,30,1
8469.46,0.46,0.689,1,0
4739.31,0.101,0.362,17,0
3375.33,0.269,0.959,22,1
6135.61,0.211,0.701,24,1
4986.93,0.451,0.571,15,1
8733.54,0.804,0.555,25,1
9660.44,0.739,0.473,1,0
6145.29,0.996,0.849,34,1
3994.01,0.487,0.251,4,0
8379.36,0.06,0.814,31,0
1426.73,0.745,0.26,24,1
11202.58,0.258,0.02,8,0
8251.15,0.606,0.577,35,1
9429.62,0.355,0.673,32,1
5529.08,0.078,0.614,30,0
1994.73,0.168,0.808,22,1
7464.03,0.405,0.907,6,1
2970.15,0.317,0.291,18,0
4926.83,0.888,0.781,24,1
6394.95,0.45,0.167,2,0
3045.14,0.252,0.744,6,0
4945.43,0.096,0.937,31,1
608.47,0.397,0.765,6,0
7531.8,0.084,0.932,25,1
3194.54,0.284,0.626,9,0
2296.11,0.035,0.357,21,0
5766.16,0.871,0.935,36,1
11643.64,0.698,0.177,30,0
7739.46,0.564,0.523,35,1
4361.87,0.54,0.805,29,1
5122.78,0.156,0.011,34,0
10220.97,0.344,0.469,1,0
6055.6,0.755,0.3,28,1
7284.94,0.797,0.548,13,1
6858.49,0.395,0.163,25,0
2880.93,0.079,0.625,34,0
10946.47,0.808,0.685,19,1
6523.75,0.269,0.188,5,0
3688.27,0.637,0.618,18,1
6056.35,0.321,0.152,35,1
11676.29,0.282,0.125,29,0
3023.88,0.151,0.494,22,0
9492.99,0.498,0.371,3,0
10169.49,0.952,0.056,26,0
5800.72,0.192,0.842,25,1
1726.95,0.768,0.249,29,1
11936.06,0.199,0.735,7,0
11790.76,0.473,0.681,20,1
2155.75,0.728,0.745,36,1
3263.76,0.639,0.199,4,0
2848.12,0.113,0.633,21,1
9594.37,0.585,0.396,16,1
791.32,0.783,0.475,10,1
1346.91,0.158,0.091,22,0
11964.59,0.625,0.06,10,0
9560.16,0.126,0.233,36,0
9153.36,0.806,0.439,13,0
4719.9,0.724,0.251,3,0
5418.75,0.295,0.697,13,0
6660.36,0.324,0.468,36,0
6514.31,0.449,0.819,35,1
308.42,0.638,0.379,12,0
7550.89,0.364,0.62,21,1
8001.99,0.539,0.387,34,1
9259.09,0.154,0.283,27,0
1592.43,0.523,0.067,9,0
665.9,0.107,0.192,3,0
10084.7,0.658,0.526,17,0
2882.46,0.718,0.013,14,0
11162.32,0.832,0.468,4,0
8998.69,0.89,0.822,4,1
3410.04,0.041,0.07,20,1
2826.03,0.519,0.101,15,0
2516.69,0.526,0.249,12,0
6830.26,0.746,0.766,23,1
8519.84,0.427,0.104,12,0
6204.91,0.658,0.534,29,1
10859.07,0.55,0.997,24,1
7708.92,0.826,0.323,16,1
2802.96,0.766,0.926,17,1
5593.12,0.96,0.0,3,0
7270.43,0.518,0.993,20,0
11817.41,0.215,0.315,18,0
6281.88,0.571,0.572,7,0
4461.17,0.138,0.367,16,0
9789.57,0.092,0.4,14,0
8765.89,0.793,0.173,7,0
3814.6,0.731,0.576,6,1
11085.9,0.334,0.88,28,1
10453.62,0.87,0.227,1,0
7696.67,0.054,0.524,21,0
2050.09,0.502,0.221,4,0
11969.2,0.971,0.753,33,1
5353.65,0.786,0.148,22,1
6985.85,0.049,0.399,6,0
5383.55,0.698,0.762,31,1
6007.97,0.652,0.196,34,1
1138.23,0.777,0.323,6,1
5138.91,0.365,0.19,23,0
583.22,0.305,0.988,29,1
5453.42,0.924,0.233,24,1
8823.3,0.086,0.74,16,0
11142.74,0.869,0.82,1,1
9710.09,0.305,0.471,22,0
6594.66,0.204,0.523,17,0
7589.59,0.992,0.695,2,1
10900.67,0.527,0.255,4,0
9533.51,0.618,0.053,1,1
8026.36,0.663,0.913,24,1
523.22,0.867,0.649,15,1
6249.92,0.71,0.904,32,1
6519.26,0.186,0.501,30,0
8635.89,0.04,0.922,20,0
4902.78,0.157,0.347,23,0
3837.22,0.996,0.979,18,1
7621.77,0.879,0.89,2,1
11404.66,0.226,0.342,26,0
1327.2,0.382,0.961,15,1
7002.91,0.426,0.312,22,0
1841.73,0.652,0.581,13,1
3915.28,0.705,0.524,9,1
10935.32,0.77,0.656,11,1
6820.88,0.949,0.118,21,1
2002.62,0.029,0.319,27,0
3849.17,0.746,0.822,18,1
2498.82,0.132,0.026,18,0
7464.64,0.596,0.231,2,0
8351.25,0.477,0.502,31,1
4675.32,0.852,0.491,9,1
2947.39,0.409,0.969,18,1
2903.88,0.671,0.203,14,1
11147.11,0.986,0.867,32,1
10441.27,0.888,0.428,3,1
9944.64,0.72,0.394,35,1
10546.66,0.787,0.521,29,1
10569.87,0.878,0.246,35,1
8901.49,0.558,0.516,4,0
5442.78,0.884,0.774,19,1
5242.81,0.613,0.055,34,0
5723.87,0.646,0.09,33,1
9411.15,0.938,0.696,9,1
4084.49,0.025,0.454,13,0
1355.1,0.324,0.649,11,0
1745.47,0.114,0.449,24,0
8575.17,0.727,0.975,11,1
4753.1,0.768,0.912,10,1
1991.91,0.769,0.051,20,1
9292.98,0.446,0.626,8,0
11537.08,0.004,0.765,1,0
10308.31,0.544,0.006,32,0
7189.69,0.476,0.41,6,0
376.9,0.882,0.278,36,1
2729.36,0.185,0.055,23,1
10289.8,0.667,0.838,20,1
1326.12,0.109,0.994,11,0
7449.75,0.692,0.595,36,1
5627.45,0.579,0.931,6,1
4077.02,0.898,0.82,28,1
1059.63,0.471,0.122,18,0
5140.97,0.21,0.209,4,0
8837.82,0.629,0.987,31,1
7375.9,0.788,0.707,28,1
4002.92,0.525,0.995,23,1
7487.19,0.496,0.729,32,1
2404.91,0.609,0.709,13,0
580.65,0.625,0.118,14,0
11988.15,0.414,0.334,36,0
2784.35,0.641,0.69,17,1
3900.94,0.507,0.324,1,0
4199.41,0.396,0.569,2,0
2569.98,0.834,0.922,31,1
9627.88,0.646,0.481,30,1
6582.52,0.335,0.784,27,1
955.46,0.521,0.565,21,1
519.01,0.577,0.332,23,0
2046.87,0.841,0.339,25,1
10156.15,0.571,0.39,8,0
9093.02,0.705,0.314,3,0
1315.53,0.877,0.372,20,1
3837.12,0.112,0.785,13,0
5492.16,0.025,0.483,33,0
4279.36,0.483,0.874,20,1
1976.55,0.872,0.822,34,1
1852.79,0.725,0.459,34,1
3938.48,0.044,0.848,6,0
10703.47,0.103,0.766,20,1
9174.38,0.639,0.21,13,0
3536.8,0.319,0.441,8,0
2142.7,0.114,0.958,36,1
2716.96,0.35,0.318,10,0
9706.83,0.574,0.171,20,0
4263.25,0.444,0.13,31,0
890.34,0.384,0.086,26,0
7274.62,0.593,0.836,29,1
3955.56,0.817,0.713,35,0
11096.57,0.764,0.568,6,1
11060.36,0.468,0.456,30,0
11385.14,0.144,0.896,17,0
4887.3,0.7,0.665,21,1
654.09,0.475,0.351,30,1
3602.41,0.349,0.575,33,1
9865.37,0.797,0.326,5,0
6533.12,0.401,0.413,16,0
11694.53,0.384,0.341,28,0
5393.64,0.787,0.545,16,1
8134.38,0.739,0.712,32,1
7274.08,0.325,0.098,29,0
11483.84,0.07,0.109,25,0
7846.37,0.061,0.218,9,0
10868.1,0.636,0.0,10,0
5599.8,0.292,0.616,29,1
8273.75,0.317,0.57,20,0
11259.11,0.718,0.915,6,1
7454.44,0.51,0.848,19,0
10842.59,0.968,0.001,36,1
4503.16,0.861,0.866,16,1
7204.92,0.625,0.712,26,1
6677.89,0.662,0.475,13,1
10166.93,0.36,0.417,19,0
8139.77,0.134,0.072,2,0
10653.2,0.658,0.975,9,1
7814.24,0.416,0.456,28,1
5616.41,0.424,0.82,25,1
2473.76,0.605,0.578,16,1
3450.23,0.927,0.576,3,1
6947.35,0.705,0.113,31,1
1236.74,0.73,0.526,18,1
1215.34,0.89,0.088,31,1
8065.72,0.669,0.684,35,1
3956.25,0.053,0.344,1,0
6298.16,0.469,0.734,27,1
11739.8,0.295,0.168,20,0
6895.36,0.061,0.473,11,0
7978.94,0.292,0.737,2,0
1265.37,0.506,0.851,18,1
7504.83,0.275,0.257,8,0
10948.54,0.739,0.659,24,1
3356.66,0.701,0.485,34,1
4311.32,0.084,0.145,10,0
9107.31,0.413,0.383,29,0
2257.21,0.578,0.842,4,1
9139.16,0.116,0.168,26,0
5872.32,0.948,0.922,15,1
8555.61,0.475,0.145,28,1
11148.5,0.449,0.678,34,1
779.91,0.918,0.637,28,1
7929.17,0.273,0.27,7,0
7134.87,0.461,0.675,16,1
7188.07,0.195,0.337,12,0
423.76,0.008,0.068,27,0
1515.72,0.446,0.219,19,0
698.29,0.619,0.057,14,0
7765.57,0.708,0.12,9,0
9237.14,0.648,0.803,12,1
8439.15,0.253,0.467,5,0
11095.54,0.276,0.427,21,0
9434.56,0.277,0.062,25,0
1002.69,0.956,0.265,29,0
11759.24,0.201,0.393,32,0
6625.4,0.431,0.614,7,0
8670.18,0.103,0.073,17,0
519.55,0.498,0.653,1,0
8075.89,0.266,0.7,26,1
6329.98,0.94,0.491,28,1
8814.88,0.812,0.07,15,1
11463.62,0.818,0.482,35,1
4499.34,0.682,0.401,6,0
10284.1,0.34,0.841,19,1
2366.43,0.039,0.384,13,0
4864.23,0.107,0.689,32,0
7703.66,0.735,0.14,13,1
11957.69,0.238,0.389,35,0
6146.3,0.965,0.812,2,0
955.84,0.788,0.043,8,0
7950.04,0.523,0.94,35,1
7078.34,0.925,0.037,10,0
523.04,0.907,0.618,16,1
1827.29,0.172,0.05,20,0
1438.32,0.611,0.835,5,1
1544.08,0.497,0.799,15,0
2670.9,0.337,0.836,26,1
11717.48,0.576,0.137,14,0
7239.1,0.336,0.121,10,0
2266.19,0.37,0.165,16,0
776.18,0.1,0.847,25,1
482.87,0.487,0.006,12,0
8568.87,0.594,0.284,31,1
2712.07,0.64,0.523,27,1
2342.22,0.692,0.596,32,1
1329.85,0.826,0.301,27,0
3056.98,0.118,0.53,7,0
10393.95,0.987,0.508,30,1
8014.13,0.276,0.194,10,0
11632.31,0.474,0.176,3,1
4561.06,0.21,0.251,30,1
8962.88,0.925,0.176,2,0
1657.96,0.895,0.721,21,1
9040.92,0.898,0.23,8,1
1447.35,0.738,0.87,25,1
1160.3,0.585,0.054,28,0
11156.28,0.455,0.387,9,0
2571.61,0.359,0.27,22,0
8398.86,0.06,0.137,30,0
2303.06,0.344,0.886,11,1
7764.59,0.612,0.17,36,1
1311.75,0.857,0.489,14,1
10092.77,0.279,0.73,16,0
5380.71,0.222,0.927,10,1
10809.55,0.418,0.044,31,0
6199.33,0.426,0.394,7,0
3113.98,0.558,0.012,27,0
1852.73,0.296,0.648,6,1
8127.72,0.162,0.459,2,0
5726.0,0.139,0.703,12,0
4633.92,0.464,0.633,5,0
8381.78,0.531,0.297,18,0
7466.26,0.575,0.207,6,0
4227.63,0.932,0.515,24,1
1598.31,0.366,0.619,24,1
7883.62,0.705,0.561,14,1
4218.68,0.54,0.649,14,1
9202.37,0.32,0.898,33,1
3542.6,0.063,0.345,32,0
10005.85,0.47,0.532,35,1
5588.15,0.368,0.673,5,0
10642.55,0.087,0.391,12,0
11492.54,0.109,0.276,10,0
10537.42,0.521,0.627,19,1
8284.12,0.932,0.474,27,1
7842.81,0.292,0.063,15,0
6379.56,0.336,0.579,21,1
8090.51,0.53,0.548,30,1
1843.86,0.789,0.172,17,1
4651.26,0.288,0.846,10,1
5634.34,0.166,0.924,35,1
11686.51,0.839,0.693,10,1
1667.93,0.994,0.575,29,1
2458.61,0.562,0.035,21,0
2030.95,0.448,0.975,35,1
11069.08,0.405,0.499,10,0
11155.39,0.156,0.97,35,1
4175.98,0.705,0.474,19,1
9123.69,0.994,0.667,29,1
1614.09,0.479,0.04,36,0
590.11,0.618,0.22,23,1
943.89,0.641,0.583,15,1
9275.01,0.196,0.084,29,0
11504.2,0.976,0.394,32,1
7379.41,0.943,0.908,24,1
8676.78,0.428,0.386,1,0
4410.85,0.978,0.874,6,1
10687.32,0.742,0.416,29,1
9726.37,0.97,0.424,27,1
7170.01,0.086,0.208,31,0
6446.02,0.335,0.933,25,1
5090.69,0.914,0.415,36,1
6944.62,0.915,0.199,25,1
6039.85,0.823,0.302,20,1
8956.32,0.225,0.791,10,0
11485.51,0.834,0.473,19,1
6055.07,0.688,0.245,8,0
6068.69,0.971,0.599,24,1
6917.22,0.868,0.628,31,1
9873.89,0.373,0.733,2,0
2205.31,0.059,0.32,9,0
918.79,0.361,0.636,23,0
3712.47,0.639,0.077,13,0
2444.0,0.095,0.753,35,1
3999.66,0.845,0.8,18,1
8353.66,0.096,0.58,10,1
6362.6,0.373,0.485,22,1
2207.44,0.218,0.503,13,0
6836.27,0.69,0.952,35,1
8516.5,0.803,0.417,5,1
1835.42,0.017,0.348,24,0
5470.67,0.988,0.523,22,1
3864.81,0.744,0.119,9,0
1965.6,0.227,0.125,9,0
5270.22,0.763,0.112,2,0
9160.81,0.043,0.108,33,0
5788.26,0.909,0.043,20,1
9128.24,0.782,0.92,14,1
2640.29,0.671,0.029,10,0
11319.59,0.949,0.348,11,1
9435.38,0.613,0.505,5,0
7064.16,0.014,0.217,13,0
2309.75,0.754,0.004,7,0
11069.58,0.851,0.475,12,1
11505.65,0.181,0.355,25,0
6316.74,0.408,0.761,21,1
1590.7,0.136,0.762,19,0
775.12,0.328,0.116,19,0
8913.24,0.687,0.841,15,1
3699.9,0.855,0.189,5,0
9688.51,0.939,0.367,1,0
6052.29,0.105,0.438,6,0
4919.29,0.695,0.978,11,0
11709.93,0.339,0.595,26,0
10105.88,0.725,0.279,18,1
9671.52,0.943,0.356,26,1
6283.55,0.147,0.455,8,0
6118.1,0.628,0.135,7,0
10014.66,0.498,0.027,12,0
8246.69,0.153,0.622,7,0
8034.64,0.52,0.492,30,1
8046.49,0.49,0.262,22,0
6624.19,0.018,0.764,28,0
1693.87,0.45,0.853,29,1
684.46,0.557,0.86,20,1
2220.49,0.431,0.312,25,1
1579.77,0.675,0.66,35,1
5868.16,0.854,0.507,26,1
7215.23,0.378,0.676,19,1
629.32,0.045,0.837,23,0
7132.41,0.765,0.625,25,1
4338.17,0.357,0.351,16,0
7882.57,0.593,0.91,5,1
1639.31,0.17,0.538,3,0
10401.41,0.568,0.901,18,0
5795.49,0.022,0.317,25,0
1443.39,0.488,0.691,14,1
6182.39,0.765,0.34,20,1
5401.1,0.497,0.847,5,1
6569.26,0.287,0.048,26,0
7607.5,0.958,0.718,7,1
3498.37,0.566,0.531,28,1
9609.13,0.652,0.302,20,1
6617.39,0.2,0.402,33,0
9232.27,0.181,0.019,34,0
7049.07,0.213,0.962,30,1
7763.74,0.809,0.853,28,1
8801.4,0.06,0.201,30,0
2060.53,0.685,0.3,28,1
10364.18,0.911,0.634,27,1
3658.42,0.161,0.687,16,0
1628.64,0.192,0.246,20,0
6849.95,0.436,0.647,3,0
3490.73,0.029,0.79,18,0
2359.03,0.853,0.964,32,1
947.33,0.897,0.314,20,1
10836.73,0.407,0.363,6,0
10125.78,0.843,0.236,33,1
6406.9,0.829,0.95,34,1
10649.41,0.238,0.122,21,0
7136.62,0.39,0.748,16,1
2850.7,0.107,0.214,18,0
3275.38,0.589,0.49,24,1
1621.65,0.546,0.475,16,1
10589.37,0.937,0.363,24,1
546.57,0.967,0.606,4,1
9528.99,0.24,0.553,20,0
8497.22,0.903,0.685,35,1
10334.47,0.388,0.91,26,1
11039.74,0.301,0.936,16,1
10355.18,0.16,0.439,21,0
9270.87,0.406,0.034,6,0
11303.8,0.471,0.413,22,0
10558.11,0.82,0.824,17,1
4416.72,0.602,0.813,21,1
620.01,0.052,0.642,29,0
1892.28,0.401,0.628,21,1
1596.69,0.25,0.714,9,0
8323.31,0.793,0.319,31,1
1862.06,0.173,0.593,21,0
2624.37,0.414,0.182,25,0
10646.79,0.224,0.948,36,1
7631.54,0.907,0.974,13,1
10266.42,0.05,0.618,17,0
11508.98,0.17,0.567,1,0
5391.36,0.92,0.454,32,1
8648.7,0.191,0.862,18,0
6081.77,0.13,0.856,14,0
3610.72,0.677,0.418,27,1
636.65,0.976,0.235,29,1
4624.76,0.684,0.458,1,0
10495.89,0.974,0.398,14,1
8588.9,0.736,0.256,7,0
909.72,0.931,0.471,23,1
11290.07,0.967,0.598,3,0
6203.14,0.381,0.978,24,1
10739.04,0.041,0.179,11,0
11184.83,0.878,0.132,21,1
5365.28,0.26,0.313,9,0
11688.45,0.281,0.361,28,0
10560.16,0.613,0.762,17,1
5398.57,0.165,0.737,32,1
2069.8,0.853,0.657,29,0
2038.86,0.23,0.036,17,0
5765.45,0.116,0.895,32,0
4471.29,0.709,0.485,32,1
8721.24,0.148,0.35,14,0
2413.66,0.168,0.509,18,0
8058.71,0.212,0.998,1,0
6978.22,0.416,0.077,32,0
10682.2,0.026,0.681,8,0
7206.96,0.951,0.837,10,0
5684.73,0.708,0.48,18,1
367.92,0.97,0.656,29,1
8859.08,0.734,0.957,9,1
869.58,0.644,0.323,4,0
6701.73,0.602,0.093,17,0
11591.08,0.866,0.089,14,0
9420.06,0.285,0.753,10,0
6042.89,0.432,0.806,20,1
7361.11,0.359,0.096,24,0
6028.59,0.885,0.476,28,1
5243.68,0.368,0.186,28,0
6306.1,0.973,0.676,10,1
6469.16,0.647,0.084,30,1
10914.33,0.478,0.149,9,0
3814.78,0.249,0.428,4,0
11032.43,0.513,0.511,27,1
8032.01,0.568,0.253,17,0
9293.17,0.016,0.741,30,0
2431.84,0.393,0.083,20,0
8771.91,0.757,0.45,17,1
11041.91,0.81,0.211,6,0
7367.42,0.872,0.106,35,0
4920.73,0.013,0.656,30,0
10464.73,0.966,0.602,32,1
9813.65,0.617,0.691,26,1
1325.33,0.135,0.191,2,0
2502.19,0.027,0.481,10,0
5398.73,0.626,0.79,13,1
9305.74,0.148,0.422,8,0
2083.34,0.703,0.964,31,0
5559.34,0.243,0.295,26,1
392.13,0.63,0.713,27,1
8923.82,0.596,0.554,19,0
4976.26,0.513,0.725,32,1
1010.24,0.019,0.576,36,1
10746.66,0.417,0.473,32,0
7860.3,0.448,0.436,11,0
2548.76,0.344,0.232,15,0
8314.2,0.922,0.853,30,1
3732.71,0.711,0.96,24,1
9657.13,0.845,0.622,19,1
1308.45,0.483,0.173,11,0
1480.57,0.416,0.994,20,1
6814.92,0.999,0.359,17,1
2155.68,0.828,0.894,3,1
4251.5,0.114,0.227,36,0
3316.52,0.34,0.355,3,0
6817.16,0.896,0.853,33,1
1518.46,0.05,0.946,30,1
9142.44,0.975,0.782,7,1
791.04,0.105,0.63,14,0
2137.28,0.292,0.442,33,0
10484.76,0.154,0.364,9,0
2662.12,0.97,0.769,1,1
9767.0,0.341,0.505,6,0
8667.84,0.415,0.629,16,0
9116.03,0.422,0.228,28,0
5088.92,0.459,0.852,24,1
5478.17,0.77,0.718,34,1
1291.91,0.315,0.982,11,1
4901.22,0.037,0.923,10,0
976.38,0.632,0.713,34,1
5205.87,0.886,0.701,20,1
3970.23,0.344,0.827,34,1
2018.28,0.404,0.644,35,1
7532.79,0.442,0.345,26,0
10607.4,0.084,0.537,25,0
8958.61,0.126,0.992,19,1
6286.56,0.312,0.341,11,1
10716.74,0.54,0.259,20,0
11847.37,0.11,0.06,24,0
6237.74,0.124,0.757,8,0
6997.49,0.005,0.339,16,0
11871.3,0.566,0.894,35,1
3035.9,0.299,0.667,9,0
6380.1,0.248,0.328,13,0
4526.83,0.098,0.712,27,0
1027.67,0.889,0.476,29,0
8218.82,0.403,0.559,26,1
7136.35,0.636,0.997,32,1
5177.99,0.163,0.506,32,0
1813.81,0.705,0.863,8,1
5628.56,0.033,0.157,36,0
11436.31,0.602,0.409,8,0
3688.21,0.523,0.118,20,0
3848.14,0.486,0.791,10,1
5234.56,0.937,0.305,19,1
9883.76,0.489,0.122,23,1
822.78,0.481,0.31,29,1
9441.79,0.475,0.72,9,0
6205.74,0.461,0.45,29,1
8816.01,0.089,0.625,27,0
10832.86,0.339,0.046,29,0
7857.22,0.866,0.707,20,1
1748.24,0.559,0.192,35,1
918.63,0.57,0.189,31,1
518.37,0.658,0.532,2,0
2707.92,0.83,0.839,29,1
6542.46,0.32,0.589,32,1
572.18,0.437,0.415,34,1
3308.98,0.115,0.099,11,0
2437.23,0.768,0.154,27,1
989.29,0.961,0.181,4,1
1455.31,0.142,0.893,17,1
9984.57,0.121,0.203,16,0
9102.96,0.385,0.115,4,0
6771.52,0.065,0.029,15,0
517.89,0.554,0.586,7,0
6790.08,0.785,0.305,27,1
10201.45,0.5,0.783,10,1
11828.11,0.782,0.538,28,1
6795.28,0.042,0.813,19,0
2258.37,0.06,0.922,18,0
10122.01,0.38,0.351,14,0
6270.84,0.045,0.739,5,0
4925.07,0.123,0.14,36,0
10575.87,0.211,0.505,21,0
11361.28,0.635,0.98,29,1
8048.64,0.322,0.211,22,1
8394.59,0.646,0.002,31,1
412.07,0.174,0.556,32,0
6596.14,0.787,0.649,5,1
10743.09,0.816,0.445,8,1
9809.54,0.827,0.358,12,1
9798.88,0.984,0.125,24,1
5501.56,0.222,0.02,18,0
8597.61,0.192,0.816,20,0
2887.43,0.98,0.967,3,1
10882.74,0.707,0.209,13,0
7769.7,0.111,0.277,33,0
6755.89,0.66,0.566,12,0
1800.48,0.065,0.26,15,0
8828.12,0.274,0.848,2,0
8407.93,0.533,0.253,36,0
322.87,0.427,0.673,4,0
4079.09,0.844,0.407,8,1
5759.06,0.361,0.759,15,0
11045.18,0.532,0.316,26,0
1257.16,0.572,0.025,15,0
5258.7,0.074,0.25,11,0
1035.28,0.625,0.028,28,0
7232.61,0.626,0.334,17,1
5840.85,0.959,0.833,22,1
3069.9,0.073,0.6,29,0
7616.58,0.579,0.086,4,0
4715.52,0.89,0.693,9,0
9687.93,0.055,0.611,28,1
8227.5,0.559,0.295,25,1
7522.43,0.411,0.865,1,0
5731.25,0.428,0.62,7,0
11269.74,0.783,0.454,22,1
1563.68,0.012,0.713,13,0
1773.99,0.509,0.355,31,1
5502.1,0.243,0.797,4,0
7138.91,0.513,0.652,23,1
10657.1,0.775,0.147,20,0
3705.45,0.97,0.518,10,0
6233.16,0.835,0.859,28,1
11725.18,0.641,0.201,5,0
8113.96,0.695,0.982,22,1
6923.33,0.336,0.3,22,0
5615.33,0.789,0.042,15,0
7773.57,0.693,0.467,14,1
8894.66,0.953,0.332,25,1
2455.66,0.99,0.363,5,1
6789.89,0.142,0.44,24,1
647.32,0.198,0.174,17,0
4275.86,0.555,0.179,2,0
3362.93,0.101,0.831,9,0
9512.74,0.111,0.936,20,0
4624.8,0.372,0.171,34,0
11973.03,0.882,0.878,5,1
10627.86,0.131,0.19,35,0
4678.79,0.6,0.977,16,1
9228.06,0.587,0.854,19,1
4133.86,0.053,0.796,9,0
11630.1,0.886,0.209,6,0
9554.67,0.615,0.167,25,0
7847.34,0.509,0.499,30,1
8636.1,0.525,0.483,32,1
7099.88,0.638,0.791,3,1
10770.15,0.452,0.234,14,0
10697.89,0.571,0.935,24,1
1291.68,0.752,0.295,34,1
7132.36,0.465,0.621,28,1
5360.32,0.368,0.498,18,0
2400.92,0.234,0.645,23,1
3745.86,0.502,0.547,6,0
11141.29,0.098,0.071,3,0
4204.97,0.675,0.25,18,1
7367.2,0.138,0.855,35,1
399.85,0.299,0.822,26,1
9915.78,0.758,0.012,33,0
11432.42,0.865,0.228,14,0
6335.16,0.786,0.758,30,1
1304.75,0.846,0.429,27,1
5564.67,0.558,0.375,9,0
8932.32,0.5,0.659,23,1
5204.02,0.686,0.403,35,1
7167.37,0.568,0.032,9,0
11445.86,0.33,0.63,26,0
2689.19,0.391,0.534,13,0
4147.44,0.962,0.639,20,1
1520.46,0.553,0.032,32,1
2628.29,0.911,0.386,14,1
8016.97,0.07,0.057,34,1
4123.23,0.91,0.391,8,1
5195.43,0.743,0.389,14,1
2706.42,0.432,0.71,31,1
7028.57,0.31,0.203,30,0
387.09,0.143,0.064,26,0
3188.03,0.329,0.569,32,1
7040.75,0.737,0.288,30,1
10158.88,0.792,0.391,12,1
2401.06,0.618,0.432,25,1
2446.3,0.569,0.394,3,0
10485.31,0.274,0.628,19,0
1080.9,0.727,0.902,32,1
9213.77,0.121,0.369,7,0
9420.27,0.41,0.165,14,0
5707.36,0.073,0.694,30,0
9027.7,0.856,0.397,1,0
8596.47,0.136,0.67,30,0
1098.37,0.548,0.242,29,1
9898.99,0.842,0.171,2,0
2373.67,0.124,0.741,11,1
9233.99,0.677,0.153,23,0
8658.62,0.893,0.532,29,1
10087.06,0.812,0.641,7,1
3907.39,0.052,0.005,25,0
11167.2,0.375,0.239,6,1
626.95,0.015,0.821,5,0
10622.75,0.797,0.83,11,1
814.95,0.513,0.816,21,1
2517.71,0.207,0.542,28,0
2801.23,0.357,0.174,26,0
440.18,0.213,0.22,18,0
4617.07,0.067,0.219,20,0
6145.04,0.99,0.713,11,1
1408.51,0.324,0.631,25,1
11676.69,0.694,0.332,21,1
8096.54,0.068,0.018,29,0
7794.93,0.232,0.587,1,0
7511.28,0.897,0.309,28,1
7551.26,0.06,0.375,19,0
4696.25,0.642,0.238,29,1
4145.67,0.278,0.644,3,0
11737.54,0.648,0.288,2,0
8874.62,0.343,0.206,4,0
8080.57,0.248,0.687,15,0
4763.39,0.322,0.442,1,1
6052.21,0.954,0.052,10,1
1769.06,0.174,0.549,14,0
1214.52,0.725,0.311,13,1
2364.3,0.249,0.285,29,0
2656.39,0.862,0.481,24,1
2262.86,0.441,0.505,28,1
9889.36,0.794,0.02,25,0
1273.82,0.906,0.3,35,1
8801.78,0.257,0.464,30,0
6877.06,0.481,0.333,31,1
11018.74,0.004,0.862,24,0
11130.59,0.94,0.97,24,1
3901.39,0.988,0.071,3,0
1756.39,0.932,0.162,28,1
9323.86,0.752,0.349,32,1
4607.71,0.058,0.385,28,0
3135.53,0.035,0.813,2,0
7850.4,0.261,0.455,10,0
7345.15,0.952,0.842,1,1
1379.98,0.712,0.384,6,1
2509.23,0.423,0.83,17,1
6157.57,0.533,0.887,20,1
9103.81,0.924,0.869,7,1
9387.29,0.344,0.143,14,0
4956.25,0.308,0.987,32,0
1117.15,0.696,0.525,19,1
2296.42,0.375,0.704,13,1
6180.58,0.11,0.567,14,0
990.09,0.183,0.759,17,0
10497.9,0.441,0.913,7,1
2243.68,0.293,0.378,18,1
647.1,0.235,0.485,7,1
3413.14,0.955,0.665,3,1
6411.31,0.007,0.603,18,0
5836.81,0.337,0.429,24,1
4314.01,0.315,0.24,24,0
4727.7,0.057,0.356,22,0
336.09,0.871,0.402,9,0
1737.87,0.531,0.951,16,1
7534.71,0.659,0.475,27,1
336.61,0.638,0.942,21,0
4514.41,0.046,0.808,21,0
3032.64,0.485,0.739,6,1
11287.29,0.941,0.476,7,1
3738.2,0.195,0.143,34,0
9482.88,0.717,0.032,32,0
3825.78,0.673,0.549,30,1
5521.55,0.116,0.663,16,0
2294.07,0.944,0.7,7,1
8674.45,0.16,0.929,25,1
2878.4,0.258,0.476,8,0
11096.01,0.634,0.492,22,1
11201.83,0.766,0.601,22,1
8694.08,0.736,0.382,36,1
5412.46,0.233,0.259,19,0
1342.93,0.741,0.937,8,1
1790.78,0.313,0.38,1,0
7203.7,0.19,0.388,28,0
4570.78,0.679,0.797,34,1
7212.08,0.107,0.009,30,0
9848.93,0.297,0.219,30,0
3615.7,0.747,0.849,3,1
3914.03,0.99,0.123,31,1
2823.75,0.291,0.966,4,1
4197.79,0.828,0.211,15,1
915.03,0.865,0.179,32,1
3799.49,0.815,0.912,11,1
6710.93,0.337,0.678,23,1
4875.44,0.528,0.283,13,0
6711.72,0.097,0.323,4,0
8602.17,0.458,0.164,9,0
5944.57,0.897,0.21,13,1
406.85,0.726,0.576,10,1
11797.6,0.679,0.168,4,0
11697.66,0.18,0.052,33,0
7242.69,0.97,0.627,26,1
1689.99,0.397,0.303,12,0
4691.85,0.692,0.795,6,1
10419.28,0.65,0.275,29,1
1704.0,0.083,0.489,33,0
7166.15,0.987,0.479,7,1
2418.83,0.484,0.645,28,1
1765.27,0.325,0.714,35,1
9810.55,0.02,0.556,35,0
6502.03,0.064,0.837,35,1
9543.79,0.124,0.753,8,0
7309.5,0.18,0.555,21,0
1807.15,0.206,0.161,36,0
9110.9,0.085,0.125,20,0
6669.8,0.423,0.945,1,1
840.15,0.946,0.905,19,1
5505.57,0.577,0.695,34,1
11962.53,0.606,0.511,7,0
823.41,0.037,0.142,14,0
7345.09,0.216,0.359,9,0
5237.58,0.55,0.261,11,0
1274.07,0.254,0.425,10,0
1125.53,0.733,0.995,13,1
6894.61,0.648,0.511,11,1
2095.85,0.992,0.434,2,1
3195.72,0.27,0.531,36,1
4153.48,0.089,0.909,18,1
9637.74,0.274,0.098,15,0
1528.53,0.926,0.176,20,1
9739.54,0.096,0.349,19,0
7407.36,0.897,0.171,25,1
9731.19,0.678,0.789,36,1
10240.67,0.477,0.128,1,0
8644.71,0.658,0.143,18,1
8787.41,0.974,0.708,16,1
5193.45,0.458,0.439,23,1
6176.08,0.276,0.428,15,0
10337.68,0.947,0.407,21,1
7725.72,0.077,0.24,6,0
971.71,0.743,0.554,32,1
425.13,0.948,0.677,9,1
6325.63,0.998,0.888,8,1
7510.55,0.911,0.746,28,1
9071.12,0.244,0.739,34,1
795.56,0.449,0.169,34,0
2345.33,0.367,0.133,23,0
5245.85,0.379,0.373,8,0
8245.04,0.832,0.851,8,1
5952.56,0.265,0.002,26,0
3866.39,0.933,0.643,3,1
10742.18,0.848,0.057,1,0
4144.06,0.354,0.005,12,0
403.71,0.431,0.198,34,0
2098.41,0.124,0.487,10,0
3226.58,0.471,0.374,24,1
2431.53,0.812,0.109,29,1
5440.47,0.14,0.747,1,0
10485.01,0.198,0.19,3,0
5226.35,0.331,0.032,13,0
11528.48,0.983,0.119,32,1
9657.9,0.714,0.325,26,1
11105.67,0.843,0.389,8,0
9574.74,0.126,0.344,1,0
3067.11,0.678,0.342,1,0
3686.76,0.486,0.761,16,1
8832.21,0.187,0.281,8,0
11932.81,0.247,0.821,13,0
9457.79,0.103,0.73,12,0
10302.0,0.629,0.149,8,0
748.89,0.99,0.929,28,0
2635.83,0.864,0.38,34,1
7709.73,0.231,0.336,31,1
5296.75,0.052,0.11,24,0
4406.99,0.418,0.32,4,0
306.27,0.66,0.322,19,1
10929.24,0.101,0.185,32,0
3860.97,0.097,0.014,36,0
1824.6,0.361,0.81,34,1
3087.55,0.276,0.584,6,0
1826.68,0.743,0.12,13,0
5515.51,0.099,0.942,22,1
5848.12,0.761,0.534,10,0
2542.97,0.55,0.253,36,1
10770.48,0.448,0.717,28,0
5202.35,0.931,0.504,2,1
3507.54,0.967,0.29,4,1
8417.5,0.741,0.397,35,1
11667.0,0.166,0.751,25,0
4865.89,0.607,0.207,1,0
2848.35,0.697,0.879,33,1
8580.72,0.525,0.303,15,0
3441.62,0.119,0.224,35,0
757.36,0.148,0.884,9,0
9550.27,0.642,0.249,14,0
316.38,0.347,0.605,24,1
11373.21,0.884,0.264,9,0
7454.34,0.325,0.057,1,0
2865.57,0.965,0.177,2,1
11751.52,0.778,0.781,7,1
8350.95,0.946,0.257,36,1
5473.56,0.324,0.204,26,0
3011.16,0.726,0.369,31,1
2423.71,0.185,0.862,13,0
11337.25,0.18,0.282,20,0
2379.49,0.394,0.608,5,0
5288.82,0.455,0.645,26,1
6463.31,0.727,0.808,7,1
542.38,0.827,0.763,3,1
9310.38,0.268,0.939,1,0
409.94,0.792,0.542,22,1
1294.09,0.139,0.76,29,1
3896.4,0.479,0.244,35,1
7641.58,0.123,0.825,7,0
1500.02,0.886,0.415,1,1
580.81,0.427,0.147,19,0
10584.18,0.385,0.884,8,0
11891.99,0.225,0.956,19,0
7503.65,0.118,0.923,6,0
7372.72,0.178,0.53,12,0
2057.57,0.667,0.302,19,1
1515.89,0.916,0.662,17,1
8622.29,0.076,0.002,10,0
2015.09,0.148,0.447,31,0
1624.02,0.427,0.727,10,1
11938.83,0.182,0.385,21,0
5931.08,0.973,0.602,22,1
11345.15,0.922,0.383,36,1
6545.12,0.532,0.821,25,1
8664.58,0.527,0.777,15,1
3051.76,0.003,0.994,2,0
5844.94,0.134,0.11,23,0
10237.15,0.779,0.139,30,1
10283.75,0.972,0.913,16,1
2927.67,0.747,0.117,10,0
608.26,0.965,0.372,7,1
1163.11,0.837,0.87,2,1
1952.95,0.245,0.012,27,0
2434.37,0.744,0.748,20,1
8753.92,0.444,0.645,1,0
2123.88,0.881,0.032,12,1
427.15,0.833,0.68,30,1
10005.36,0.919,0.502,15,1
2134.57,0.973,0.522,9,1
4984.71,0.056,0.392,36,0
1203.35,0.692,0.477,26,1
2228.45,0.803,0.647,13,1
1521.48,0.363,0.779,22,0
3601.82,0.542,0.065,1,0
3916.71,0.552,0.638,3,0
1294.96,0.57,0.045,31,1
3980.59,0.944,0.008,23,1
11517.25,0.5,0.314,26,0
11694.05,0.703,0.097,27,0
6191.87,0.502,0.775,2,1
4770.71,0.586,0.852,19,1
8283.78,0.079,0.626,15,0
9747.47,0.654,0.769,11,1
6168.95,0.992,0.609,34,1
4294.56,0.785,0.339,24,1
11299.65,0.04,0.713,25,0
11965.01,0.607,0.958,32,1
474.82,0.766,0.31,6,0
5621.25,0.17,0.296,5,0
4550.94,0.089,0.179,30,0
5837.15,0.256,0.877,9,0
11668.66,0.488,0.363,19,0
10326.91,0.917,0.129,24,1
7608.19,0.314,0.083,27,0
3375.08,0.876,0.683,4,1
3164.36,0.821,0.008,7,0
2151.01,0.399,0.073,25,0
8129.06,0.349,0.468,35,0
5738.78,0.086,0.732,26,0
2633.81,0.329,0.317,32,0
8973.03,0.114,0.455,35,0
5798.62,0.64,0.32,3,0
9358.2,0.062,0.809,28,0
2797.02,0.211,0.023,28,0
7737.54,0.084,0.069,26,0
10523.18,0.451,0.42,14,0
3335.53,0.831,0.092,28,1
9112.16,0.165,0.349,27,0
6565.42,0.784,0.966,28,1
8406.95,0.389,0.01,13,1
8115.16,0.617,0.324,21,0
10789.06,0.934,0.499,21,1
11648.72,0.406,0.521,1,0
11336.89,0.857,0.634,7,0
9024.78,0.188,0.696,11,0
2828.81,0.21,0.191,1,0
4556.4,0.302,0.307,8,0
7892.27,0.456,0.41,23,1
5282.44,0.974,0.336,12,1
4665.52,0.553,0.163,28,1
10187.57,0.689,0.437,19,1
11273.45,0.906,0.099,6,0
1514.6,0.65,0.616,27,1
9074.34,0.624,0.545,29,1
9728.69,0.668,0.852,14,1
5619.17,0.381,0.196,31,0
4402.18,0.794,0.464,26,0
4683.33,0.224,0.284,17,0
10861.27,0.909,0.673,1,1
5150.31,0.016,0.153,24,0
6371.87,0.741,0.317,11,1
11916.1,0.242,0.973,13,0
4901.82,0.052,0.932,28,1
7744.4,0.977,0.174,21,1
5417.6,0.1,0.801,33,1
7050.12,0.392,0.762,17,1
2160.92,0.322,0.093,2,0
7658.06,0.593,0.028,35,0
1221.64,0.382,0.742,9,1
7723.22,0.778,0.187,15,1
6564.38,0.245,0.78,25,1
8013.32,0.275,0.935,2,0
7078.45,0.103,0.459,8,0
3604.82,0.895,0.093,32,1
10978.81,0.208,0.101,2,0
5992.25,0.626,0.21,27,1
3968.94,0.908,0.809,12,1
10872.57,0.66,0.631,3,0
4310.88,0.347,0.995,35,0
6404.46,0.255,0.122,2,0
6360.54,0.761,0.216,24,1
2838.41,0.328,0.22,9,0
5934.43,0.953,0.349,36,1
5764.41,0.809,0.436,26,1
3226.09,0.198,0.846,18,1
1503.87,0.793,0.588,11,1
11459.02,0.488,0.883,28,1
3478.58,0.319,0.108,25,0
6935.56,0.374,0.633,5,0
10706.56,0.958,0.253,27,1
9972.23,0.645,0.965,23,1
1641.4,0.809,0.429,12,1
1149.89,0.657,0.372,21,1
4027.49,0.011,0.329,30,0
4062.27,0.233,0.066,19,0
6468.97,0.103,0.278,5,0
7861.36,0.682,0.435,21,1
881.02,0.494,0.047,18,0
1751.88,0.171,0.327,25,0
548.84,0.018,0.783,1,0
3627.08,0.842,0.403,35,1
757.71,0.645,0.069,7,0
5156.42,0.301,0.317,23,0
6810.47,0.313,0.612,26,1
11812.41,0.493,0.641,8,0
11271.13,0.103,0.224,1,0
11924.42,0.861,0.724,15,1
2536.57,0.902,0.369,35,1
11229.09,0.868,0.26,3,0
11381.59,0.075,0.329,25,0
2292.96,0.138,0.461,9,0
2031.62,0.584,0.85,27,1
8118.35,0.522,0.241,31,0
11723.29,0.322,0.731,15,0
9264.56,0.711,0.353,16,1
8902.64,0.206,0.078,32,1
453.6,0.216,0.819,13,0
4283.27,0.814,0.762,33,1
9197.71,0.312,0.454,10,0
1536.23,0.13,0.917,25,1
10453.95,0.513,0.78,13,0
5250.2,0.686,0.951,7,1
10551.5,0.745,0.241,30,1
634.46,0.662,0.453,17,1
6738.56,0.354,0.212,26,0
6242.74,0.053,0.273,7,1
4775.51,0.928,0.194,13,1
7250.38,0.53,0.494,28,1
883.5,0.249,0.111,8,1
717.55,0.266,0.066,7,0
10626.42,0.7,0.405,26,1
8886.92,0.88,0.268,14,1
2681.83,0.637,0.706,19,1
1402.64,0.503,0.7,31,1
10275.0,0.688,0.17,5,0
4186.22,0.455,0.962,31,1
543.67,0.974,0.881,11,1
10281.15,0.594,0.97,1,1
3195.87,0.109,0.819,19,0
6445.65,0.167,0.147,7,0
9705.54,0.336,0.491,23,0
3310.87,0.486,0.364,1,0
3823.27,0.334,0.518,31,1
8323.67,0.728,0.021,27,0
8014.59,0.142,0.498,16,0
8440.93,0.431,0.206,6,0
11471.33,0.639,0.965,35,1
5556.45,0.958,0.527,17,1
4381.49,0.331,0.589,18,1
780.87,0.52,0.343,8,0
5623.82,0.968,0.792,19,1
397.52,0.927,0.147,10,1
3690.45,0.558,0.163,32,1
9657.49,0.016,0.041,19,0
1744.2,0.488,0.005,23,0
307.51,0.251,0.35,19,0
6173.32,0.959,0.561,6,1
1968.94,0.733,0.432,6,1
676.0,0.933,0.249,25,1
11612.81,0.098,0.261,20,0
2327.63,0.436,0.876,9,1
2634.23,0.136,0.554,20,0
3778.81,0.927,0.461,12,1
10548.28,0.437,0.139,29,0
6194.64,0.685,0.358,23,1
5219.92,0.41,0.028,36,1
9271.21,0.088,0.141,20,0
7089.77,0.373,0.621,19,0
10187.76,0.126,0.67,30,0
10536.46,0.46,0.054,4,0
11838.23,0.107,0.594,19,0
8379.94,0.864,0.121,33,1
920.34,0.205,0.144,32,0
10772.11,0.64,0.155,20,0
11257.42,0.806,0.624,13,1
300.42,0.604,0.121,7,0
1512.2,0.025,0.506,26,1
1725.19,0.405,0.983,16,1
6696.62,0.822,0.681,8,1
7743.51,0.185,0.819,16,0
8977.48,0.547,0.476,19,1
1470.23,0.589,0.367,18,1
8462.54,0.107,0.417,28,0
3616.04,0.12,0.389,20,1
7909.94,0.657,0.444,23,1
5774.51,0.723,0.277,11,1
10313.32,0.503,0.349,34,0
1034.36,0.656,0.352,22,1
10346.37,0.14,0.785,20,0
1098.06,0.839,0.484,31,1
2410.38,0.709,0.507,34,1
8463.89,0.589,0.581,26,0
645.41,0.733,0.232,7,0
8248.07,0.324,0.232,16,0
10604.84,0.728,0.384,27,1
1024.54,0.25,0.037,5,0
4679.57,0.631,0.029,12,0
8475.09,0.378,0.989,36,1
3254.19,0.438,0.286,13,0
5378.54,0.529,0.79,6,1
7660.65,0.669,0.204,9,0
4506.86,0.408,0.547,5,0
8283.63,0.958,0.728,34,1
10039.11,0.57,0.474,23,1
10827.14,0.853,0.802,29,1
4700.58,0.071,0.078,34,0
1679.75,0.231,0.601,22,1
9909.54,0.29,0.828,25,1
1095.05,0.871,0.968,5,1
3124.36,0.518,0.611,20,1
962.78,0.698,0.111,31,1
11823.73,0.653,0.032,27,0
4214.13,0.765,0.139,36,1
4156.43,0.757,0.912,4,1
1153.07,0.948,0.904,3,1
1127.93,0.416,0.739,6,0
5901.63,0.129,0.723,7,1
6238.97,0.65,0.432,20,1
10554.46,0.228,0.931,2,0
9792.95,0.534,0.86,2,0
910.04,0.766,0.695,28,1
6729.68,0.116,0.118,24,0
4314.57,0.918,0.238,6,1
2957.37,0.747,0.888,35,1
11893.98,0.015,0.72,4,1
1782.58,0.181,0.044,23,0
10717.97,0.998,0.13,26,1
1731.8,0.077,0.25,35,0
8551.49,0.813,0.898,15,1
3841.81,0.367,0.551,16,0
3430.16,0.698,0.503,4,1
5106.76,0.951,0.486,6,1
1904.44,0.976,0.231,36,1
4656.96,0.816,0.142,16,1
7903.92,0.454,0.114,32,0
3462.49,0.588,0.3,6,1
10298.52,0.384,0.019,25,0
819.66,0.206,0.184,28,0
8026.71,0.031,0.763,2,0
9127.39,0.336,0.828,17,1
7214.22,0.757,0.341,28,1
9456.57,0.929,0.752,7,1
11443.94,0.932,0.287,35,1
6999.45,0.568,0.519,11,1
5767.79,0.993,0.238,1,1
8286.41,0.274,0.999,35,1
6981.67,0.039,0.274,18,0
9454.39,0.81,0.608,8,1
8031.08,0.836,0.848,29,1
5446.94,0.466,0.966,31,1
6812.32,0.409,0.58,6,0
7440.84,0.314,0.064,12,0
9504.81,0.26,0.495,15,0
2018.75,0.618,0.05,8,0
2455.79,0.507,0.44,21,0
8693.09,0.061,0.715,17,0
488.58,0.845,0.849,35,1
7326.77,0.35,0.077,29,0
1206.17,0.204,0.57,27,1
5289.76,0.283,0.025,24,0
5075.21,0.652,0.471,19,1
2175.66,0.045,0.93,2,0
2774.31,0.313,0.716,33,1
8640.23,0.94,0.379,3,1
2055.87,0.763,0.649,5,1
11910.14,0.565,0.998,36,1
6605.92,0.121,0.878,4,0
8012.61,0.52,0.317,13,0
3728.86,0.244,0.243,24,0
3983.35,0.972,0.693,29,1
10598.65,0.362,0.352,33,1
4538.87,0.484,0.23,27,0
9985.51,0.987,0.926,16,1
5069.12,0.585,0.138,17,0
4296.39,0.118,0.409,33,0
7039.34,0.633,0.773,12,1
481.49,0.121,0.263,36,0
5797.37,0.101,0.869,28,0
2253.15,0.073,0.515,34,0
10879.85,0.354,0.402,36,0
3732.69,0.337,0.825,22,1
7514.57,0.994,0.045,23,1
10954.89,0.631,0.741,28,1
5882.14,0.135,0.183,33,0
10778.51,0.594,0.37,30,1
5431.47,0.509,0.588,7,0
6071.53,0.048,0.518,34,0
10175.57,0.427,0.323,21,0
11456.11,0.042,0.945,14,0
3555.6,0.88,0.314,23,1
1687.05,0.274,0.439,11,0
11037.01,0.989,0.753,15,1
1949.74,0.207,0.839,11,1
10859.73,0.96,0.54,13,0
10040.3,0.026,0.203,28,0
6394.46,0.831,0.295,8,1
11054.45,0.12,0.889,32,0
10414.68,0.993,0.732,8,1
9702.6,0.744,0.222,5,0
6232.6,0.276,0.631,33,1
1166.84,0.688,0.892,3,1
11208.71,0.794,0.318,36,1
10567.61,0.036,0.634,1,0
7160.22,0.872,0.22,13,1
2071.77,0.814,0.734,19,1
7726.84,0.089,0.516,14,1
1086.96,0.558,0.209,12,1
8349.39,0.613,0.631,16,1
5965.53,0.657,0.18,20,1
10537.96,0.668,0.49,26,1
6657.94,0.295,0.219,19,0
5531.92,0.247,0.425,12,0
4031.2,0.114,0.697,9,0
5959.74,0.805,0.489,27,1
638.86,0.268,0.215,27,1
9330.04,0.262,0.318,26,0
5274.83,0.261,0.055,32,0
4276.15,0.819,0.309,27,1
10544.78,0.536,0.78,8,1
7475.66,0.33,0.605,2,0
547.08,0.379,0.78,22,1
9272.05,0.553,0.655,34,1
6565.03,0.985,0.838,26,1
2983.21,0.801,0.911,22,1
6769.53,0.249,0.014,2,0
6460.7,0.501,0.791,3,1
3827.16,0.23,0.772,16,0
9074.01,0.813,0.378,26,1
8964.15,0.27,0.085,5,0
8530.82,0.733,0.02,35,0
2076.62,0.736,0.793,13,1
10353.85,0.785,0.425,2,0
5669.2,0.1,0.969,31,1
5325.55,0.222,0.406,18,0
10919.69,0.533,0.245,2,0
8812.42,0.951,0.763,7,1
7061.19,0.025,0.771,29,0
6888.89,0.643,0.332,6,0
2280.29,0.865,0.49,16,1
5017.38,0.838,0.523,15,0
6072.99,0.412,0.741,10,0
8361.27,0.599,0.871,18,1
9133.94,0.795,0.546,21,1
3058.15,0.461,0.483,36,1
11915.24,0.081,0.105,5,0
9155.57,0.162,0.748,11,0
10476.07,0.114,0.886,32,0
9696.9,0.487,0.749,36,1
408.32,0.118,0.996,18,1
7496.68,0.372,0.65,10,0
8314.78,0.803,0.952,24,1
3239.5,0.463,0.936,9,1
8666.45,0.474,0.318,12,0
1084.46,0.977,0.312,13,1
1398.02,0.459,0.095,30,0
1081.23,0.636,0.883,23,1
11156.19,0.275,0.821,28,1
3877.28,0.625,0.403,17,1
7806.71,0.203,0.593,7,0
3575.83,0.263,0.102,34,0
9262.84,0.33,0.772,18,1
8926.01,0.616,0.909,14,1
9465.37,0.989,0.091,10,1
5862.93,0.0,0.078,4,0
9744.64,0.425,0.472,20,0
1672.37,0.56,0.377,25,1
4453.4,0.839,0.317,6,1
10153.64,0.955,0.945,18,1
10126.55,0.56,0.49,17,0
6827.49,0.435,0.348,2,0
10307.86,0.771,0.346,28,1
6849.59,0.998,0.939,25,1
11218.35,0.995,0.196,24,1
365.69,0.31,0.094,24,0
6182.68,0.013,0.273,18,0
4960.04,0.996,0.704,18,1
11662.35,0.823,0.863,31,1
7697.21,0.49,0.473,35,1
746.87,0.029,0.894,10,0
2369.82,0.851,0.083,8,1
7758.49,0.062,0.097,35,0
10275.14,0.655,0.737,22,1
10224.29,0.316,0.709,24,1
11304.38,0.403,0.838,4,1
9953.06,0.502,0.729,6,0
820.75,0.609,0.689,27,1
9037.89,0.838,0.003,18,0
1677.26,0.466,0.836,6,1
5717.16,0.116,0.091,6,0
7216.44,0.966,0.767,1,1
4682.0,0.081,0.724,16,0
8266.42,0.943,0.865,9,1
4737.93,0.287,0.279,21,0
10072.72,0.273,0.199,19,0
5443.3,0.092,0.355,24,0
7809.36,0.45,0.631,11,1
10066.27,0.386,0.538,14,0
5376.08,0.646,0.682,19,1
8485.95,0.504,0.83,18,1
9348.89,0.258,0.468,3,0
6349.25,0.631,0.475,30,1
4655.71,0.378,0.588,3,0
1523.97,0.359,0.901,11,1
4216.14,0.648,0.1,23,1
5762.04,0.186,0.022,30,0
8425.63,0.731,0.474,16,1
4666.61,0.338,0.679,20,0
11169.18,0.234,0.935,33,1
5282.96,0.269,0.577,2,0
2246.7,0.301,0.597,34,1
11677.4,0.752,0.13,22,0
929.46,0.09,0.793,10,0
5666.95,0.165,0.001,10,0
2313.2,0.308,0.185,14,0
8772.37,0.154,0.555,24,1
2164.16,0.1,0.55,26,0
10980.15,0.668,0.831,16,1
1421.15,0.129,0.763,9,0
4127.21,0.283,0.675,28,1
6549.15,0.347,0.67,2,0
7419.71,0.768,0.369,22,1
318.62,0.599,0.398,5,0
1915.53,0.188,0.211,28,0
4793.58,0.18,0.151,20,0
9908.92,0.035,0.959,27,0
4959.13,0.517,0.106,6,0
8872.25,0.656,0.404,1,0
1806.25,0.507,0.686,1,0
11531.08,0.402,0.771,20,1
8982.16,0.116,0.807,29,0
9437.74,0.712,0.844,24,1
2392.42,0.424,0.76,6,1
4244.25,0.934,0.59,13,1
7489.89,0.872,0.435,30,1
1722.15,0.49,0.367,24,1
4248.3,0.296,0.819,35,1
3730.9,0.417,0.447,20,1
7270.61,0.357,0.037,26,0
1283.35,0.095,0.727,32,0
3513.95,0.972,0.689,16,1
10871.89,0.932,0.82,30,0
4121.09,0.038,0.609,7,0
11769.12,0.079,0.927,20,0
561.89,0.95,0.257,6,1
5371.19,0.116,0.192,17,0
7502.3,0.539,0.794,4,1
5833.15,0.761,0.437,12,1
8155.84,0.605,0.91,19,1
5064.04,0.019,0.414,9,0
5710.56,0.79,0.635,7,1
511.45,0.325,0.064,19,0
7429.0,0.461,0.421,22,1
5864.55,0.558,0.343,21,1
5499.28,0.462,0.743,14,1
2289.16,0.39,0.403,6,0
6867.51,0.345,0.208,34,0
3714.33,0.315,0.675,2,0
7143.76,0.624,0.565,27,1
573.88,0.973,0.556,32,1
4690.83,0.538,0.378,8,0
2854.17,0.992,0.571,12,1
9272.43,0.984,0.979,36,1
9089.99,0.418,0.599,21,1
7674.23,0.664,0.687,21,1
6530.35,0.225,0.404,30,0
11117.24,0.157,0.873,26,0
6532.19,0.334,0.464,12,0
1450.38,0.58,0.418,27,1
7746.08,0.619,0.139,33,0
7314.95,0.732,0.945,21,1
2247.57,0.625,0.684,24,0
7335.71,0.79,0.389,33,1
10248.62,0.161,0.369,16,0
11264.55,0.921,0.323,19,0
661.41,0.578,0.459,29,1
9622.02,0.973,0.5,8,1
10103.14,0.872,0.909,16,1
11560.95,0.007,0.032,27,0
11947.75,0.862,0.07,27,1
10635.28,0.537,0.716,35,1
5430.7,0.828,0.06,26,1
8784.26,0.04,0.399,33,0
5448.54,0.787,0.104,17,1
7083.8,0.792,0.722,24,1
4276.07,0.913,0.796,14,1
4161.3,0.694,0.458,32,1
9156.67,0.342,0.689,22,1
8484.87,0.568,0.594,9,0
3674.64,0.221,0.371,24,0
3887.95,0.716,0.568,20,1
5446.39,0.295,0.744,9,0
3720.29,0.384,0.637,2,0
7123.8,0.148,0.012,24,0
9021.85,0.996,0.406,11,1
7833.06,0.587,0.501,34,1
10425.28,0.485,0.169,34,0
5962.78,0.38,0.669,5,0
3918.91,0.224,0.278,8,0
4471.07,0.459,0.913,1,1
10195.23,0.783,0.524,15,1
4553.66,0.033,0.626,22,0
3476.24,0.962,0.847,35,1
11654.12,0.056,0.567,16,0
9628.06,0.183,0.936,16,0
8693.35,0.177,0.979,18,1
1368.9,0.19,0.831,5,0
1850.82,0.303,0.208,16,0
7100.86,0.464,0.537,4,0
7716.7,0.196,0.116,6,0
1468.55,0.589,0.598,20,1
7106.05,0.861,0.112,29,1
2579.15,0.806,0.614,30,1
3245.45,0.407,0.271,12,0
5954.37,0.284,0.645,17,0
3213.56,0.275,0.561,20,0
1604.2,0.757,0.182,1,0
11699.95,0.471,0.163,5,0
8173.82,0.095,0.862,22,0
6601.5,0.183,0.779,15,0
6170.82,0.32,0.53,7,0
11152.35,0.21,0.672,21,0
9266.85,0.786,0.852,11,1
6342.66,0.474,0.595,27,1
3451.78,0.933,0.472,20,1
3882.92,0.727,0.829,21,1
5275.99,0.394,0.417,26,0
5082.82,0.646,0.14,30,1
527.91,0.704,0.209,17,0
4669.66,0.322,0.791,21,1
8946.5,0.797,0.618,29,1
1549.96,0.243,0.325,31,0
7237.4,0.952,0.947,25,1
10933.98,0.487,0.28,25,1
956.54,0.343,0.538,29,1
1599.06,0.134,0.75,21,0
8869.65,0.824,0.874,20,1
6873.49,0.438,0.328,35,0
3350.41,0.531,0.291,2,0
9307.9,0.871,0.699,21,1
4526.39,0.773,0.747,14,1
5779.42,0.461,0.333,17,0
9047.51,0.023,0.119,27,0
9730.96,0.798,0.832,4,1
6293.46,0.016,0.437,3,0
10515.05,0.327,0.539,19,0
7722.17,0.734,0.565,36,1
6521.62,0.799,0.846,6,1
5780.83,0.65,0.191,5,0
5342.08,0.277,0.451,10,0
1154.4,0.648,0.34,34,1
8951.67,0.949,0.889,26,1
374.34,0.828,0.019,15,0
2060.79,0.856,0.584,21,1
7947.27,0.2,0.822,23,1
8664.38,0.577,0.189,10,0
2424.56,0.026,0.602,3,0
6618.89,0.955,0.327,21,1
8000.55,0.202,0.163,18,0
11062.58,0.772,0.027,29,0
11391.76,0.025,0.868,14,0
5527.7,0.399,0.206,25,0
1758.4,0.969,0.507,34,1
9152.29,0.12,0.489,23,0
4007.49,0.191,0.985,33,1
3286.83,0.112,0.457,1,0
5214.16,0.962,0.1,24,1
10087.46,0.434,0.848,20,1
8504.2,0.65,0.81,31,0
11581.54,0.73,0.897,3,1
3213.28,0.565,0.128,10,0
5796.81,0.039,0.596,14,0
8033.14,0.372,0.415,11,0
2343.26,0.519,0.151,12,0
11121.97,0.787,0.03,14,0
7616.16,0.909,0.265,21,0
602.21,0.028,0.471,10,0
844.04,0.377,0.599,34,1
1471.35,0.349,0.223,27,0
1615.2,0.476,0.983,35,1
10325.91,0.809,0.001,31,0
10863.73,0.128,0.656,24,0
8120.65,0.096,0.493,13,0
6322.39,0.805,0.143,6,0
8692.04,0.282,0.615,16,0
2460.13,0.659,0.329,30,1
6383.03,0.577,0.884,9,1
4684.82,0.145,0.736,3,0
9657.33,0.632,0.794,12,0
7725.18,0.835,0.238,26,1
6993.41,0.484,0.344,26,1
2813.58,0.621,0.546,8,1
7968.89,0.514,0.337,12,0
9741.77,0.487,0.549,7,0
4305.79,0.519,0.063,24,0
597.34,0.543,0.095,30,0
1707.25,0.713,0.126,23,1
5403.12,0.984,0.083,33,1
9894.31,0.886,0.511,10,1
2895.73,0.017,0.733,23,0
9425.27,0.563,0.531,4,0
4543.08,0.23,0.947,34,1
2157.37,0.68,0.635,15,1
9087.92,0.152,0.942,28,1
3557.53,0.959,0.949,19,1
6404.46,0.421,0.477,21,1
11276.28,0.0,0.251,36,0
2742.43,0.733,0.594,5,0
5101.39,0.144,0.822,16,0
2165.48,0.419,0.591,16,1
1125.22,0.963,0.276,26,1
8953.96,0.944,0.152,29,1
3523.0,0.327,0.637,34,1
1500.56,0.629,0.471,29,1
1760.91,0.743,0.454,5,1
9124.73,0.72,0.875,3,1
10726.07,0.113,0.467,11,0
8389.81,0.794,0.758,15,1
1336.3,0.732,0.96,24,1
10244.6,0.495,0.702,28,1
7765.3,0.865,0.28,18,1
7791.11,0.329,0.667,17,0
1272.19,0.101,0.806,16,0
2890.24,0.434,0.266,32,0
10097.72,0.376,0.519,25,1
1561.23,0.838,0.643,7,1
1674.44,0.764,0.361,27,1
8703.98,0.04,0.647,29,0
7008.14,0.523,0.94,28,1
599.99,0.567,0.024,22,0
11071.84,0.802,0.729,17,1
8291.24,0.352,0.966,18,1
859.25,0.458,0.991,17,1
2178.93,0.558,0.863,21,1
9113.83,0.781,0.172,32,1
4205.03,0.616,0.74,15,1
3878.27,0.914,0.09,26,1
6117.15,0.186,0.383,17,0
5979.66,0.337,0.438,24,1
11523.91,0.323,0.111,20,0
8492.67,0.56,0.757,35,1
7536.11,0.076,0.093,26,0
2005.46,0.34,0.354,9,0
1512.42,0.956,0.815,19,1
11657.72,0.324,0.225,3,0
2113.64,0.993,0.026,15,1
11804.17,0.245,0.226,14,0
3772.48,0.965,0.858,31,1
5149.95,0.551,0.568,27,1
6367.29,0.4,0.575,25,1
8568.93,0.982,0.803,17,1
4564.82,0.926,0.235,35,1
11509.67,0.134,0.86,16,0
7073.81,0.097,0.917,33,1
6563.71,0.105,0.826,15,0
8695.51,0.645,0.554,15,1
7018.83,0.053,0.619,32,0
1056.5,0.996,0.022,29,1
973.29,0.348,0.868,10,0
4446.62,0.955,0.276,17,1
8814.8,0.714,0.491,9,1
2817.89,0.452,0.538,20,1
6967.33,0.876,0.946,10,1
11768.09,0.587,0.863,4,1
4492.69,0.12,0.977,5,0
8845.45,0.733,0.249,12,0
645.0,0.929,0.729,22,1
11369.92,0.574,0.949,25,1
4761.1,0.474,0.847,12,1
4455.34,0.707,0.879,32,1
3347.92,0.201,0.351,6,0
9096.24,0.524,0.02,4,0
992.01,0.373,0.169,34,1
4124.26,0.306,0.8,24,1
11481.83,0.188,0.621,12,0
11716.56,0.097,0.683,10,0
7015.62,0.891,0.706,12,1
9828.03,0.445,0.622,35,1
9585.68,0.12,0.934,19,0
8291.48,0.59,0.167,7,0
7360.99,0.997,0.92,30,1
6711.37,0.389,0.448,8,0
1065.92,0.246,0.141,32,0
5030.13,0.358,0.917,31,1
10943.12,0.708,0.839,7,1
1364.16,0.655,0.912,35,1
9156.0,0.643,0.283,9,0
2617.09,0.944,0.426,28,1
6038.44,0.491,0.322,31,1
3879.0,0.992,0.771,4,1
787.1,0.947,0.307,35,1
3969.75,0.048,0.028,20,0
4415.66,0.538,0.824,28,1
6430.62,0.178,0.371,3,0
1454.21,0.95,0.892,21,0
2682.22,0.207,0.64,1,1
4763.42,0.9,0.116,19,0
3112.53,0.814,0.831,12,1
9970.89,0.372,0.838,3,0
7305.39,0.622,0.258,28,1
8609.02,0.902,0.31,18,1
419.66,0.824,0.377,13,1
6012.13,0.6,0.627,26,0
9275.38,0.129,0.689,5,0
1648.76,0.902,0.489,12,1
2258.19,0.74,0.955,26,1
3651.34,0.856,0.261,8,1
10661.52,0.202,0.087,32,0
6363.24,0.036,0.479,8,0
10047.21,0.184,0.763,5,0
7499.25,0.438,0.143,3,0
6192.35,0.975,0.769,21,0
466.27,0.153,0.859,17,0
4396.37,0.201,0.644,26,1
11377.81,0.506,0.225,13,0
8737.82,0.025,0.441,16,0
3667.34,0.161,0.547,21,1
8311.73,0.41,0.534,11,0
4063.38,0.038,0.902,15,1
340.03,0.058,0.388,8,0
9217.46,0.035,0.546,2,0
10956.49,0.937,0.645,19,1
4825.18,0.91,0.238,32,1
4338.21,0.988,0.455,10,1
10589.5,0.224,0.287,12,0
4844.89,0.257,0.16,2,0
3808.33,0.043,0.41,35,0
11853.63,0.125,0.626,14,0
5227.35,0.418,0.733,29,1
5723.15,0.338,0.665,9,0
2709.21,0.217,0.191,13,0
8832.89,0.784,0.363,30,1
9238.53,0.408,0.644,14,0
5801.72,0.543,0.452,27,0
2840.98,0.552,0.157,25,1
5351.87,0.943,0.024,14,1
8103.82,0.273,0.746,10,0
7028.31,0.801,0.151,21,1
10455.95,0.131,0.931,21,0
9231.69,0.531,0.628,3,0
9507.46,0.086,0.009,4,0
1352.38,0.932,0.357,10,1
3898.47,0.066,0.623,21,0
9990.58,0.475,0.704,19,1
9687.33,0.16,0.881,11,0
6527.97,0.618,0.158,36,1
8488.39,0.281,0.848,16,1
8067.27,0.147,0.445,3,0
4757.1,0.379,0.17,2,0
11856.94,0.362,0.441,12,0
532.32,0.492,0.672,23,1
11857.44,0.886,0.069,9,0
8225.27,0.917,0.111,13,1
4052.17,0.711,0.949,6,1
11807.78,0.495,0.622,27,1
4573.03,0.253,0.513,34,0
574.3,0.319,0.167,16,0
3378.43,0.996,0.338,18,1
9189.25,0.458,0.08,36,1
10502.87,0.927,0.011,2,0
2635.82,0.47,0.388,18,0
4226.93,0.803,0.854,28,1
4302.91,0.943,0.719,36,1
3595.2,0.083,0.45,6,0
10986.1,0.861,0.896,2,1
9732.85,0.107,0.074,24,1
6991.33,0.237,0.087,5,1
457.33,0.807,0.87,5,1
7625.68,0.871,0.461,22,1
1538.24,0.122,0.704,13,0
11140.77,0.186,0.718,6,1
9561.63,0.233,0.05,6,0
7617.79,0.193,0.818,32,1
2476.96,0.288,0.676,4,0
6238.74,0.08,0.974,17,1
6641.38,0.973,0.7,5,1
10228.81,0.756,0.228,26,1
7230.01,0.602,0.507,19,1
3236.11,0.345,0.241,1,0
11627.23,0.252,0.754,5,1
6078.9,0.903,0.06,28,0
9243.88,0.716,0.012,6,0
9325.22,0.914,0.698,5,1
8807.64,0.319,0.358,31,0
3812.89,0.489,0.546,13,1
2295.47,0.691,0.41,30,1
9616.14,0.945,0.403,30,1
1962.37,0.751,0.42,2,1
9522.7,0.381,0.87,10,1
463.22,0.791,0.662,12,1
11368.7,0.217,0.016,31,0
4246.59,0.022,0.392,20,0
10289.63,0.278,0.19,32,0
11383.77,0.16,0.969,4,0
1540.33,0.953,0.706,19,1
6369.52,0.494,0.216,32,1
3903.69,0.159,0.63,28,0
7309.66,0.53,0.341,24,1
10409.94,0.37,0.97,5,1
4629.1,0.246,0.945,15,1
10859.88,0.634,0.902,31,1
6793.45,0.577,0.331,13,0
11596.04,0.782,0.572,15,1
7429.83,0.813,0.249,31,1
3967.48,0.881,0.384,10,1
1251.3,0.491,0.603,18,0
4858.04,0.193,0.77,10,0
9399.78,0.474,0.223,1,0
9950.59,0.483,0.146,18,0
5970.96,0.314,0.883,13,1
7856.35,0.958,0.598,8,1
1008.59,0.885,0.524,33,1
9551.3,0.423,0.819,1,0
2689.61,0.296,0.029,27,1
5739.79,0.91,0.148,25,1
7247.99,0.758,0.108,18,1
2614.03,0.607,0.285,9,0
498.39,0.052,0.327,31,0
3988.64,0.721,0.55,28,1
4927.79,0.327,0.836,3,0
4090.97,0.756,0.039,33,0
8692.06,0.132,0.064,5,0
1496.36,0.163,0.714,6,0
11676.14,0.338,0.413,5,0
6677.8,0.525,0.642,26,1
6712.74,0.089,0.207,11,0
10963.67,0.261,0.239,36,1
7821.96,0.697,0.479,3,0
3022.19,0.153,0.87,33,1
4834.05,0.634,0.396,33,1
6059.06,0.67,0.697,36,0
2641.46,0.036,0.23,32,1
8511.34,0.582,0.368,11,0
2081.39,0.007,0.628,19,0
4679.32,0.388,0.835,17,1
4126.58,0.26,0.119,19,0
5512.86,0.968,0.672,26,1
1618.51,0.387,0.107,14,0
6971.42,0.747,0.833,14,1
9868.97,0.361,0.054,15,0
10647.25,0.252,0.511,20,1
10006.17,0.86,0.206,25,1
5657.25,0.391,0.754,32,1
7281.86,0.795,0.667,16,0
1554.96,0.0,0.031,4,0
11377.41,0.93,0.303,25,1
11546.14,0.097,0.368,13,0
8979.6,0.373,0.28,2,0
709.42,0.12,0.142,30,0
10682.14,0.801,0.205,2,0
11204.91,0.175,0.113,16,0
10671.35,0.695,0.273,2,0
5912.78,0.731,0.153,5,0
4715.87,0.037,0.432,30,0
11683.01,0.577,0.044,5,0
10553.6,0.71,0.719,13,1
585.63,0.272,0.872,16,1
9781.14,0.996,0.044,28,1
8524.48,0.792,0.716,4,1
1334.47,0.367,0.821,35,1
8005.64,0.371,0.551,10,0
7779.98,0.407,0.58,24,1
4365.01,0.292,0.814,32,1
5071.56,0.961,0.086,17,1
4193.81,0.359,0.467,35,1
2222.03,0.043,0.506,10,0
6620.47,0.832,0.159,9,0
9569.65,0.825,0.396,27,1
11888.9,0.544,0.52,1,0
6740.25,0.942,0.74,22,1
4108.2,0.836,0.373,26,1
9886.52,0.219,0.351,27,0
11859.02,0.226,0.644,10,0
10774.24,0.188,0.001,33,0
6093.87,0.916,0.695,20,1
5051.6,0.825,0.542,7,1
2534.78,0.016,0.296,14,0
9379.99,0.071,0.253,8,0
4482.92,0.403,0.698,20,1
4686.52,0.304,0.619,31,1
7242.03,0.679,0.977,32,1
663.17,0.701,0.861,25,1
9306.51,0.423,0.587,23,1
8312.72,0.995,0.38,32,1
1315.89,0.252,0.092,16,0
8672.62,0.922,0.455,22,1
11812.8,0.034,0.31,29,0
5104.1,0.01,0.128,2,0
5499.83,0.502,0.463,25,1
6567.26,0.724,0.253,8,0
6045.86,0.902,0.293,11,0
7333.11,0.427,0.687,5,0
5989.1,0.006,0.776,12,0
813.33,0.183,0.34,32,0
5502.6,0.701,0.912,7,1
1844.39,0.979,0.605,2,1
4590.11,0.699,0.021,34,1
4608.97,0.543,0.419,3,0
6820.19,0.422,0.065,17,0
8077.02,0.475,0.507,16,0
10543.74,0.121,0.162,12,0
5519.39,0.997,0.373,17,1
11659.12,0.656,0.582,8,0
3017.31,0.147,0.133,26,1
1001.93,0.788,0.113,18,1
403.63,0.88,0.137,16,1
9674.34,0.189,0.475,31,0
2317.29,0.553,0.627,5,1
1785.38,0.51,0.861,5,1
11881.44,0.073,0.165,27,0
4532.15,0.225,0.262,4,0
802.03,0.32,0.395,13,0
11190.13,0.391,0.606,15,0
1789.72,0.615,0.79,27,1
9138.53,0.157,0.599,19,0
1178.15,0.6,0.417,36,1
10732.31,0.146,0.641,24,0
3585.75,0.65,0.987,22,1
6562.9,0.327,0.308,31,0
4817.3,0.871,0.688,36,1
7380.9,0.661,0.574,31,1
8389.66,0.975,0.533,5,1
3438.08,0.271,0.289,33,0
11143.79,0.324,0.239,13,0
3884.27,0.826,0.518,27,1
7293.8,0.67,0.188,9,0
8353.49,0.19,0.686,35,0
2692.23,0.463,0.52,8,0
10550.9,0.639,0.206,22,0
7875.48,0.497,0.246,31,0
11210.06,0.459,0.341,17,0
3254.67,0.967,0.813,26,0
2510.46,0.934,0.928,30,1
6742.54,0.821,0.511,27,1
896.62,0.428,0.982,7,1
4826.55,0.119,0.181,24,0
11932.02,0.041,0.07,7,0
3440.45,0.784,0.926,28,1
10728.35,0.567,0.01,22,0
8718.99,0.284,0.241,15,0
6976.22,0.267,0.553,16,0
6778.41,0.317,0.22,25,0
7510.67,0.954,0.091,18,1
1757.39,0.246,0.406,16,0
2238.02,0.174,0.22,7,1
8152.59,0.435,0.861,25,1
3016.51,0.847,0.409,29,1
8948.22,0.384,0.615,25,0
9251.15,0.205,0.673,28,0
6430.04,0.322,0.499,25,1
7396.68,0.373,0.703,25,1
5026.87,0.218,0.353,18,0
3700.94,0.231,0.6,31,1
8331.96,0.563,0.645,5,0
9661.18,0.389,0.345,25,1
5404.61,0.445,0.424,28,1
2974.11,0.367,0.997,31,1
2863.9,0.585,0.517,34,1
10197.06,0.979,0.365,15,1
11015.44,0.092,0.695,4,0
6445.47,0.255,0.149,10,0
3558.61,0.916,0.229,20,1
1081.31,0.872,0.621,12,1
5801.91,0.423,0.168,2,0
2586.0,0.713,0.067,7,0
9462.78,0.534,0.779,36,1
8761.54,0.153,0.932,16,0
4108.09,0.172,0.272,2,0
10769.61,0.394,0.167,31,0
1847.8,0.862,0.834,18,1
5622.85,0.71,0.713,11,1
9127.81,0.067,0.377,1,0
6488.05,0.49,0.754,36,1
5025.61,0.525,0.962,34,1
7384.55,0.718,0.749,17,1
5069.84,0.503,0.5,3,0
7317.64,0.368,0.298,27,0
3804.36,0.024,0.487,2,0
9368.34,0.75,0.45,9,1
3833.07,0.244,0.016,15,0
3259.16,0.399,0.713,24,1
5720.6,0.416,0.051,10,0
11096.14,0.295,0.053,30,0
10678.44,0.872,0.078,19,1
6296.97,0.477,0.934,31,0
4177.99,0.31,0.507,1,0
2007.49,0.711,0.27,2,0
7678.89,0.371,0.448,22,0
5685.4,0.622,0.285,4,0
7151.77,0.884,0.758,28,1
723.02,0.779,0.729,33,0
11627.11,0.933,0.378,29,1
7731.89,0.144,0.762,13,0
4791.51,0.394,0.042,20,1
1855.42,0.418,0.194,10,0
6947.79,0.99,0.211,5,1
738.29,0.727,0.787,15,1
11780.01,0.925,0.493,6,1
9796.77,0.343,0.728,24,1
11481.32,0.258,0.559,22,0
4120.44,0.156,0.682,34,1
9732.41,0.778,0.245,2,0
3484.61,0.94,0.301,26,0
7222.81,0.802,0.258,10,1
10180.51,0.219,0.956,30,1
11134.8,0.697,0.506,27,1
5205.71,0.331,0.081,11,0
11397.35,0.663,0.775,4,1
9836.21,0.154,0.473,2,0
4633.45,0.308,0.487,32,1
4937.23,0.214,0.43,16,0
7443.7,0.165,0.159,21,0
10282.42,0.101,0.082,1,0
5313.95,0.897,0.934,10,1
324.42,0.178,0.133,24,0
11041.58,0.7,0.666,6,0
10746.69,0.33,0.039,6,0
7488.05,0.821,0.192,11,1
9943.03,0.49,0.267,19,0
6455.22,0.832,0.284,5,1
10273.03,0.157,0.776,33,0
7395.86,0.689,0.032,22,0
8430.43,0.81,0.359,33,1
7945.83,0.815,0.418,16,1
10211.34,0.666,0.211,30,1
2116.06,0.079,0.588,8,0
11979.24,0.126,0.723,19,0
8346.39,0.579,0.719,28,1
11179.52,0.668,0.672,20,1
2754.33,0.473,0.034,11,0
4337.5,0.049,0.841,17,0
9806.47,0.464,0.967,21,1
9844.64,0.745,0.707,21,1
9092.72,0.868,0.184,11,0
5164.87,0.487,0.988,10,0
1941.99,0.513,0.495,18,1
8733.18,0.418,0.771,24,1
9662.44,0.373,0.003,31,0
11640.51,0.202,0.148,33,0
4871.08,0.529,0.59,13,1
11412.86,0.8,0.455,36,1
11962.44,0.456,0.284,2,0
7636.4,0.792,0.475,27,1
10995.03,0.609,0.231,21,0
2907.92,0.265,0.892,3,0
8120.66,0.58,0.395,1,0
774.37,0.952,0.449,26,0
858.84,0.076,0.803,35,1
6694.59,0.417,0.502,20,1
8060.78,0.497,0.58,35,1
3664.42,0.116,0.235,25,0
4144.47,0.545,0.2,28,0
7868.06,0.947,0.021,9,0
8852.89,0.169,0.292,17,0
10899.67,0.204,0.164,7,0
3678.71,0.998,0.692,5,0
2120.15,0.121,0.937,16,0
9312.97,0.758,0.27,12,0
5580.11,0.121,0.766,35,1
1728.54,0.668,0.278,6,0
1376.75,0.176,0.807,35,1
8786.19,0.911,0.62,6,1
2198.82,0.342,0.522,35,1
11896.03,0.757,0.351,22,1
9574.18,0.432,0.807,26,1
2524.68,0.637,0.773,5,1
9012.42,0.835,0.934,32,1
5656.88,0.322,0.369,3,1
2500.54,0.571,0.017,24,0
5161.74,0.838,0.97,30,1
10163.36,0.595,0.561,8,0
5839.13,0.554,0.552,22,1
9786.7,0.786,0.638,16,1
9919.33,0.293,0.859,4,0
8078.44,0.998,0.696,25,1
3583.82,0.85,0.981,34,1
6129.96,0.739,0.407,2,0
4134.72,0.712,0.87,34,1
10263.37,0.363,0.095,17,0
4024.25,0.124,0.576,6,0
3535.22,0.841,0.55,35,1
1232.06,0.713,0.935,35,1
6762.69,0.298,0.895,3,0
10572.18,0.093,0.333,4,0
1403.49,0.945,0.004,31,0
9771.16,0.406,0.107,11,0
6865.93,0.794,0.082,11,0
11042.51,0.701,0.104,2,0
8826.36,0.127,0.738,33,0
5072.55,0.681,0.875,13,1
3083.57,0.43,0.613,25,1
6475.04,0.344,0.405,27,0
3665.65,0.249,0.856,8,0
3283.49,0.605,0.001,8,0
2536.63,0.253,0.128,12,0
7088.39,0.967,0.249,3,1
3224.95,0.047,0.072,26,0
2852.19,0.959,0.575,14,1
10010.66,0.014,0.107,14,0
2019.75,0.648,0.123,24,1
5110.18,0.66,0.68,29,1
10335.75,0.146,0.389,13,0
10339.93,0.662,0.49,18,1
3249.7,0.433,0.159,4,0
6434.1,0.204,0.11,19,0
3568.14,0.426,0.014,34,1
5616.82,0.303,0.224,13,0
3524.7,0.477,0.391,11,0
5426.11,0.133,0.781,32,1
11841.97,0.552,0.642,10,0
8738.54,0.522,0.69,18,1
6342.82,0.31,0.404,5,0
10652.26,0.241,0.283,16,0
8120.83,0.556,0.614,34,1
7641.98,0.977,0.003,2,0
8368.76,0.554,0.568,1,0
2492.25,0.733,0.721,28,1
9713.74,0.586,0.629,23,1
5820.7,0.196,0.245,3,0
4475.5,0.759,0.532,32,1
11502.77,0.016,0.076,9,0
10438.65,0.205,0.412,5,0
11880.36,0.549,0.718,15,1
2856.1,0.097,0.256,27,0
3580.81,0.589,0.45,14,1
11105.74,0.612,0.094,17,0
6581.63,0.629,0.761,3,1
3541.85,0.167,0.757,1,0
6027.73,0.992,0.796,22,1
6193.3,0.229,0.576,1,0
4382.82,0.357,0.452,11,1
1440.88,0.627,0.021,18,0
9921.07,0.234,0.045,12,0
2746.13,0.133,0.461,29,0
1873.83,0.118,0.912,14,0
9152.1,0.761,0.835,28,1
1040.24,0.901,0.474,1,1
711.02,0.175,0.843,27,1
9243.69,0.212,0.154,7,0
8486.34,0.166,0.714,36,0
6511.13,0.901,0.592,22,1
2141.55,0.997,0.533,14,1
5271.17,0.611,0.795,18,1
7393.49,0.926,0.798,2,1
3757.75,0.773,0.465,6,1
1649.57,0.695,0.901,15,1
6542.45,0.857,0.56,26,1
7093.75,0.738,0.135,34,1
10546.85,0.799,0.24,4,0
7400.75,0.884,0.241,36,1
6443.39,0.094,0.261,36,0
2386.23,0.428,0.85,14,1
9543.33,0.699,0.089,10,0
1135.79,0.721,0.547,21,1
8271.67,0.993,0.338,3,1
9426.56,0.775,0.691,2,1
2229.61,0.742,0.637,6,1
2527.94,0.953,0.098,35,1
969.8,0.631,0.969,2,1
11864.31,0.313,0.672,33,0
9104.59,0.261,0.085,10,0
7043.7,0.477,0.491,5,0
9944.98,0.289,0.622,3,0
5785.83,0.507,0.467,3,0
332.71,0.261,0.246,23,0
1337.66,0.724,0.275,10,1
6887.12,0.236,0.149,18,0
11890.81,0.37,0.049,20,0
9486.14,0.375,0.042,3,0
920.53,0.208,0.41,36,0
4454.4,0.999,0.772,34,1
1054.82,0.268,0.047,8,0
3257.94,0.529,0.89,34,1
3360.81,0.733,0.962,12,1
5841.61,0.88,0.249,13,1
9237.08,0.528,0.064,18,0
8174.1,0.142,0.4,19,0
6404.16,0.645,0.667,20,1
2155.54,0.243,0.42,9,0
8785.17,0.528,0.214,20,0
3246.64,0.462,0.041,25,0
11791.84,0.39,0.355,24,0
